INSERT INTO calendar (calendar_id, update_id, create_id, created_at, updated_at, date, day_type) VALUES
(1, 'ADMIN', 'ADMIN', '2022-08-26 14:44:46', '2022-08-26 14:44:46', '2022-07-01', 'STUDYDAY'),
(2, 'ADMIN', 'ADMIN', '2022-08-26 14:44:46', '2022-08-26 14:44:46', '2022-07-02', 'HOLIDAY'),
(3, 'ADMIN', 'ADMIN', '2022-08-26 14:44:46', '2022-08-26 14:44:46', '2022-07-03', 'HOLIDAY'),
(4, 'ADMIN', 'ADMIN', '2022-08-26 14:44:46', '2022-08-26 14:44:46', '2022-07-04', 'STUDYDAY'),
(5, 'ADMIN', 'ADMIN', '2022-08-26 14:44:46', '2022-08-26 14:44:46', '2022-07-05', 'STUDYDAY'),
(6, 'ADMIN', 'ADMIN', '2022-08-26 14:44:46', '2022-08-26 14:44:46', '2022-07-06', 'STUDYDAY'),
(7, 'ADMIN', 'ADMIN', '2022-08-26 14:44:46', '2022-08-26 14:44:46', '2022-07-07', 'STUDYDAY'),
(8, 'ADMIN', 'ADMIN', '2022-08-26 14:44:46', '2022-08-26 14:44:46', '2022-07-08', 'STUDYDAY'),
(9, 'ADMIN', 'ADMIN', '2022-08-26 14:44:46', '2022-08-26 14:44:46', '2022-07-09', 'HOLIDAY'),
(10, 'ADMIN', 'ADMIN', '2022-08-26 14:44:46', '2022-08-26 14:44:46', '2022-07-10', 'HOLIDAY'),
(11, 'ADMIN', 'ADMIN', '2022-08-26 14:44:46', '2022-08-26 14:44:46', '2022-07-11', 'STUDYDAY'),
(12, 'ADMIN', 'ADMIN', '2022-08-26 14:44:46', '2022-08-26 14:44:46', '2022-07-12', 'STUDYDAY'),
(13, 'ADMIN', 'ADMIN', '2022-08-26 14:44:46', '2022-08-26 14:44:46', '2022-07-13', 'STUDYDAY'),
(14, 'ADMIN', 'ADMIN', '2022-08-26 14:44:46', '2022-08-26 14:44:46', '2022-07-14', 'STUDYDAY'),
(15, 'ADMIN', 'ADMIN', '2022-08-26 14:44:46', '2022-08-26 14:44:46', '2022-07-15', 'STUDYDAY'),
(16, 'ADMIN', 'ADMIN', '2022-08-26 14:44:46', '2022-08-26 14:44:46', '2022-07-16', 'HOLIDAY'),
(17, 'ADMIN', 'ADMIN', '2022-08-26 14:44:46', '2022-08-26 14:44:46', '2022-07-17', 'HOLIDAY'),
(18, 'ADMIN', 'ADMIN', '2022-08-26 14:44:46', '2022-08-26 14:44:46', '2022-07-18', 'STUDYDAY'),
(19, 'ADMIN', 'ADMIN', '2022-08-26 14:44:46', '2022-08-26 14:44:46', '2022-07-19', 'STUDYDAY'),
(20, 'ADMIN', 'ADMIN', '2022-08-26 14:44:46', '2022-08-26 14:44:46', '2022-07-20', 'STUDYDAY'),
(21, 'ADMIN', 'ADMIN', '2022-08-26 14:44:46', '2022-08-26 14:44:46', '2022-07-21', 'STUDYDAY'),
(22, 'ADMIN', 'ADMIN', '2022-08-26 14:44:46', '2022-08-26 14:44:46', '2022-07-22', 'STUDYDAY'),
(23, 'ADMIN', 'ADMIN', '2022-08-26 14:44:46', '2022-08-26 14:44:46', '2022-07-23', 'HOLIDAY'),
(24, 'ADMIN', 'ADMIN', '2022-08-26 14:44:46', '2022-08-26 14:44:46', '2022-07-24', 'HOLIDAY'),
(25, 'ADMIN', 'ADMIN', '2022-08-26 14:44:46', '2022-08-26 14:44:46', '2022-07-25', 'STUDYDAY'),
(26, 'ADMIN', 'ADMIN', '2022-08-26 14:44:46', '2022-08-26 14:44:46', '2022-07-26', 'STUDYDAY'),
(27, 'ADMIN', 'ADMIN', '2022-08-26 14:44:46', '2022-08-26 14:44:46', '2022-07-27', 'STUDYDAY'),
(28, 'ADMIN', 'ADMIN', '2022-08-26 14:44:46', '2022-08-26 14:44:46', '2022-07-28', 'STUDYDAY'),
(29, 'ADMIN', 'ADMIN', '2022-08-26 14:44:46', '2022-08-26 14:44:46', '2022-07-29', 'STUDYDAY'),
(30, 'ADMIN', 'ADMIN', '2022-08-26 14:44:46', '2022-08-26 14:44:46', '2022-07-30', 'HOLIDAY'),
(31, 'ADMIN', 'ADMIN', '2022-08-26 14:44:46', '2022-08-26 14:44:46', '2022-07-31', 'HOLIDAY'),
(32, 'ADMIN', 'ADMIN', '2022-08-26 14:44:46', '2022-08-26 14:44:46', '2022-08-01', 'STUDYDAY'),
(33, 'ADMIN', 'ADMIN', '2022-08-26 14:44:46', '2022-08-26 14:44:46', '2022-08-02', 'STUDYDAY'),
(34, 'ADMIN', 'ADMIN', '2022-08-26 14:44:46', '2022-08-26 14:44:46', '2022-08-03', 'STUDYDAY'),
(35, 'ADMIN', 'ADMIN', '2022-08-26 14:44:46', '2022-08-26 14:44:46', '2022-08-04', 'STUDYDAY'),
(36, 'ADMIN', 'ADMIN', '2022-08-26 14:44:46', '2022-08-26 14:44:46', '2022-08-05', 'STUDYDAY'),
(37, 'ADMIN', 'ADMIN', '2022-08-26 14:44:46', '2022-08-26 14:44:46', '2022-08-06', 'HOLIDAY'),
(38, 'ADMIN', 'ADMIN', '2022-08-26 14:44:46', '2022-08-26 14:44:46', '2022-08-07', 'HOLIDAY'),
(39, 'ADMIN', 'ADMIN', '2022-08-26 14:44:46', '2022-08-26 14:44:46', '2022-08-08', 'STUDYDAY'),
(40, 'ADMIN', 'ADMIN', '2022-08-26 14:44:46', '2022-08-26 14:44:46', '2022-08-09', 'STUDYDAY'),
(41, 'ADMIN', 'ADMIN', '2022-08-26 14:44:46', '2022-08-26 14:44:46', '2022-08-10', 'STUDYDAY'),
(42, 'ADMIN', 'ADMIN', '2022-08-26 14:44:46', '2022-08-26 14:44:46', '2022-08-11', 'STUDYDAY'),
(43, 'ADMIN', 'ADMIN', '2022-08-26 14:44:46', '2022-08-26 14:44:46', '2022-08-12', 'STUDYDAY'),
(44, 'ADMIN', 'ADMIN', '2022-08-26 14:44:46', '2022-08-26 14:44:46', '2022-08-13', 'HOLIDAY'),
(45, 'ADMIN', 'ADMIN', '2022-08-26 14:44:46', '2022-08-26 14:44:46', '2022-08-14', 'HOLIDAY'),
(46, 'ADMIN', 'ADMIN', '2022-08-26 14:44:46', '2022-08-26 14:44:46', '2022-08-15', 'STUDYDAY'),
(47, 'ADMIN', 'ADMIN', '2022-08-26 14:44:46', '2022-08-26 14:44:46', '2022-08-16', 'STUDYDAY'),
(48, 'ADMIN', 'ADMIN', '2022-08-26 14:44:46', '2022-08-26 14:44:46', '2022-08-17', 'STUDYDAY'),
(49, 'ADMIN', 'ADMIN', '2022-08-26 14:44:46', '2022-08-26 14:44:46', '2022-08-18', 'STUDYDAY'),
(50, 'ADMIN', 'ADMIN', '2022-08-26 14:44:46', '2022-08-26 14:44:46', '2022-08-19', 'STUDYDAY'),
(51, 'ADMIN', 'ADMIN', '2022-08-26 14:44:46', '2022-08-26 14:44:46', '2022-08-20', 'HOLIDAY'),
(52, 'ADMIN', 'ADMIN', '2022-08-26 14:44:46', '2022-08-26 14:44:46', '2022-08-21', 'HOLIDAY'),
(53, 'ADMIN', 'ADMIN', '2022-08-26 14:44:46', '2022-08-26 14:44:46', '2022-08-22', 'STUDYDAY'),
(54, 'ADMIN', 'ADMIN', '2022-08-26 14:44:46', '2022-08-26 14:44:46', '2022-08-23', 'STUDYDAY'),
(55, 'ADMIN', 'ADMIN', '2022-08-26 14:44:46', '2022-08-26 14:44:46', '2022-08-24', 'STUDYDAY'),
(56, 'ADMIN', 'ADMIN', '2022-08-26 14:44:46', '2022-08-26 14:44:46', '2022-08-25', 'STUDYDAY'),
(57, 'ADMIN', 'ADMIN', '2022-08-26 14:44:46', '2022-08-26 14:44:46', '2022-08-26', 'STUDYDAY'),
(58, 'ADMIN', 'ADMIN', '2022-08-26 14:44:46', '2022-08-26 14:44:46', '2022-08-27', 'HOLIDAY'),
(59, 'ADMIN', 'ADMIN', '2022-08-26 14:44:46', '2022-08-26 14:44:46', '2022-08-28', 'HOLIDAY'),
(60, 'ADMIN', 'ADMIN', '2022-08-26 14:44:46', '2022-08-26 14:44:46', '2022-08-29', 'STUDYDAY'),
(61, 'ADMIN', 'ADMIN', '2022-08-26 14:44:46', '2022-08-26 14:44:46', '2022-08-30', 'STUDYDAY'),
(62, 'ADMIN', 'ADMIN', '2022-08-26 14:44:46', '2022-08-26 14:44:46', '2022-08-31', 'STUDYDAY'),
(63, 'ADMIN', 'ADMIN', '2022-08-26 14:44:46', '2022-08-26 14:44:46', '2022-09-01', 'STUDYDAY'),
(64, 'ADMIN', 'ADMIN', '2022-08-26 14:44:46', '2022-08-26 14:44:46', '2022-09-02', 'STUDYDAY'),
(65, 'ADMIN', 'ADMIN', '2022-08-26 14:44:46', '2022-08-26 14:44:46', '2022-09-03', 'HOLIDAY'),
(66, 'ADMIN', 'ADMIN', '2022-08-26 14:44:46', '2022-08-26 14:44:46', '2022-09-04', 'HOLIDAY'),
(67, 'ADMIN', 'ADMIN', '2022-08-26 14:44:46', '2022-08-26 14:44:46', '2022-09-05', 'STUDYDAY'),
(68, 'ADMIN', 'ADMIN', '2022-08-26 14:44:46', '2022-08-26 14:44:46', '2022-09-06', 'STUDYDAY'),
(69, 'ADMIN', 'ADMIN', '2022-08-26 14:44:46', '2022-08-26 14:44:46', '2022-09-07', 'STUDYDAY'),
(70, 'ADMIN', 'ADMIN', '2022-08-26 14:44:46', '2022-08-26 14:44:46', '2022-09-08', 'STUDYDAY'),
(71, 'ADMIN', 'ADMIN', '2022-08-26 14:44:46', '2022-08-26 14:44:46', '2022-09-09', 'STUDYDAY'),
(72, 'ADMIN', 'ADMIN', '2022-08-26 14:44:46', '2022-08-26 14:44:46', '2022-09-10', 'HOLIDAY'),
(73, 'ADMIN', 'ADMIN', '2022-08-26 14:44:46', '2022-08-26 14:44:46', '2022-09-11', 'HOLIDAY'),
(74, 'ADMIN', 'ADMIN', '2022-08-26 14:44:46', '2022-08-26 14:44:46', '2022-09-12', 'STUDYDAY'),
(75, 'ADMIN', 'ADMIN', '2022-08-26 14:44:46', '2022-08-26 14:44:46', '2022-09-13', 'STUDYDAY'),
(76, 'ADMIN', 'ADMIN', '2022-08-26 14:44:46', '2022-08-26 14:44:46', '2022-09-14', 'STUDYDAY'),
(77, 'ADMIN', 'ADMIN', '2022-08-26 14:44:46', '2022-08-26 14:44:46', '2022-09-15', 'STUDYDAY'),
(78, 'ADMIN', 'ADMIN', '2022-08-26 14:44:46', '2022-08-26 14:44:46', '2022-09-16', 'STUDYDAY'),
(79, 'ADMIN', 'ADMIN', '2022-08-26 14:44:46', '2022-08-26 14:44:46', '2022-09-17', 'HOLIDAY'),
(80, 'ADMIN', 'ADMIN', '2022-08-26 14:44:46', '2022-08-26 14:44:46', '2022-09-18', 'HOLIDAY'),
(81, 'ADMIN', 'ADMIN', '2022-08-26 14:44:46', '2022-08-26 14:44:46', '2022-09-19', 'STUDYDAY'),
(82, 'ADMIN', 'ADMIN', '2022-08-26 14:44:46', '2022-08-26 14:44:46', '2022-09-20', 'STUDYDAY'),
(83, 'ADMIN', 'ADMIN', '2022-08-26 14:44:46', '2022-08-26 14:44:46', '2022-09-21', 'STUDYDAY'),
(84, 'ADMIN', 'ADMIN', '2022-08-26 14:44:46', '2022-08-26 14:44:46', '2022-09-22', 'STUDYDAY'),
(85, 'ADMIN', 'ADMIN', '2022-08-26 14:44:46', '2022-08-26 14:44:46', '2022-09-23', 'STUDYDAY'),
(86, 'ADMIN', 'ADMIN', '2022-08-26 14:44:46', '2022-08-26 14:44:46', '2022-09-24', 'HOLIDAY'),
(87, 'ADMIN', 'ADMIN', '2022-08-26 14:44:46', '2022-08-26 14:44:46', '2022-09-25', 'HOLIDAY'),
(88, 'ADMIN', 'ADMIN', '2022-08-26 14:44:46', '2022-08-26 14:44:46', '2022-09-26', 'STUDYDAY'),
(89, 'ADMIN', 'ADMIN', '2022-08-26 14:44:46', '2022-08-26 14:44:46', '2022-09-27', 'STUDYDAY'),
(90, 'ADMIN', 'ADMIN', '2022-08-26 14:44:46', '2022-08-26 14:44:46', '2022-09-28', 'STUDYDAY'),
(91, 'ADMIN', 'ADMIN', '2022-08-26 14:44:46', '2022-08-26 14:44:46', '2022-09-29', 'STUDYDAY'),
(92, 'ADMIN', 'ADMIN', '2022-08-26 14:44:46', '2022-08-26 14:44:46', '2022-09-30', 'STUDYDAY'),
(93, 'ADMIN', 'ADMIN', '2022-08-26 14:44:46', '2022-08-26 14:44:46', '2022-10-01', 'HOLIDAY'),
(94, 'ADMIN', 'ADMIN', '2022-08-26 14:44:46', '2022-08-26 14:44:46', '2022-10-02', 'HOLIDAY'),
(95, 'ADMIN', 'ADMIN', '2022-08-26 14:44:46', '2022-08-26 14:44:46', '2022-10-03', 'STUDYDAY'),
(96, 'ADMIN', 'ADMIN', '2022-08-26 14:44:46', '2022-08-26 14:44:46', '2022-10-04', 'STUDYDAY'),
(97, 'ADMIN', 'ADMIN', '2022-08-26 14:44:46', '2022-08-26 14:44:46', '2022-10-05', 'STUDYDAY'),
(98, 'ADMIN', 'ADMIN', '2022-08-26 14:44:46', '2022-08-26 14:44:46', '2022-10-06', 'STUDYDAY'),
(99, 'ADMIN', 'ADMIN', '2022-08-26 14:44:46', '2022-08-26 14:44:46', '2022-10-07', 'STUDYDAY'),
(100, 'ADMIN', 'ADMIN', '2022-08-26 14:44:46', '2022-08-26 14:44:46', '2022-10-08', 'HOLIDAY'),
(101, 'ADMIN', 'ADMIN', '2022-08-26 14:44:46', '2022-08-26 14:44:46', '2022-10-09', 'HOLIDAY'),
(102, 'ADMIN', 'ADMIN', '2022-08-26 14:44:46', '2022-08-26 14:44:46', '2022-10-10', 'STUDYDAY'),
(103, 'ADMIN', 'ADMIN', '2022-08-26 14:44:46', '2022-08-26 14:44:46', '2022-10-11', 'STUDYDAY'),
(104, 'ADMIN', 'ADMIN', '2022-08-26 14:44:46', '2022-08-26 14:44:46', '2022-10-12', 'STUDYDAY'),
(105, 'ADMIN', 'ADMIN', '2022-08-26 14:44:46', '2022-08-26 14:44:46', '2022-10-13', 'STUDYDAY'),
(106, 'ADMIN', 'ADMIN', '2022-08-26 14:44:46', '2022-08-26 14:44:46', '2022-10-14', 'STUDYDAY'),
(107, 'ADMIN', 'ADMIN', '2022-08-26 14:44:46', '2022-08-26 14:44:46', '2022-10-15', 'HOLIDAY'),
(108, 'ADMIN', 'ADMIN', '2022-08-26 14:44:46', '2022-08-26 14:44:46', '2022-10-16', 'HOLIDAY'),
(109, 'ADMIN', 'ADMIN', '2022-08-26 14:44:46', '2022-08-26 14:44:46', '2022-10-17', 'STUDYDAY'),
(110, 'ADMIN', 'ADMIN', '2022-08-26 14:44:46', '2022-08-26 14:44:46', '2022-10-18', 'STUDYDAY'),
(111, 'ADMIN', 'ADMIN', '2022-08-26 14:44:46', '2022-08-26 14:44:46', '2022-10-19', 'STUDYDAY'),
(112, 'ADMIN', 'ADMIN', '2022-08-26 14:44:46', '2022-08-26 14:44:46', '2022-10-20', 'STUDYDAY'),
(113, 'ADMIN', 'ADMIN', '2022-08-26 14:44:46', '2022-08-26 14:44:46', '2022-10-21', 'STUDYDAY'),
(114, 'ADMIN', 'ADMIN', '2022-08-26 14:44:46', '2022-08-26 14:44:46', '2022-10-22', 'HOLIDAY'),
(115, 'ADMIN', 'ADMIN', '2022-08-26 14:44:46', '2022-08-26 14:44:46', '2022-10-23', 'HOLIDAY'),
(116, 'ADMIN', 'ADMIN', '2022-08-26 14:44:46', '2022-08-26 14:44:46', '2022-10-24', 'STUDYDAY'),
(117, 'ADMIN', 'ADMIN', '2022-08-26 14:44:46', '2022-08-26 14:44:46', '2022-10-25', 'STUDYDAY'),
(118, 'ADMIN', 'ADMIN', '2022-08-26 14:44:46', '2022-08-26 14:44:46', '2022-10-26', 'STUDYDAY'),
(119, 'ADMIN', 'ADMIN', '2022-08-26 14:44:46', '2022-08-26 14:44:46', '2022-10-27', 'STUDYDAY'),
(120, 'ADMIN', 'ADMIN', '2022-08-26 14:44:46', '2022-08-26 14:44:46', '2022-10-28', 'STUDYDAY'),
(121, 'ADMIN', 'ADMIN', '2022-08-26 14:44:46', '2022-08-26 14:44:46', '2022-10-29', 'HOLIDAY'),
(122, 'ADMIN', 'ADMIN', '2022-08-26 14:44:46', '2022-08-26 14:44:46', '2022-10-30', 'HOLIDAY'),
(123, 'ADMIN', 'ADMIN', '2022-08-26 14:44:46', '2022-08-26 14:44:46', '2022-10-31', 'STUDYDAY');

insert into role(role_id, update_id, create_id, created_at, updated_at, value) values
(1, 'ADMIN', 'ADMIN', '2022-08-26 14:44:46', '2022-08-26 14:44:46', 'ROLE_ADMIN'),
(2, 'ADMIN', 'ADMIN', '2022-08-26 14:44:46', '2022-08-26 14:44:46', 'ROLE_MANAGER'),
(3, 'ADMIN', 'ADMIN', '2022-08-26 14:44:46', '2022-08-26 14:44:46', 'ROLE_USER'),
(4, 'ADMIN', 'ADMIN', '2022-08-26 14:44:46', '2022-08-26 14:44:46', 'ROLE_UNAUTHORIZED');

INSERT INTO authority (authority_id, permission) VALUES
(1, 'user.create'),
(2, 'user.update'),
(3, 'user.role.update'),
(4, 'user.team.update'),
(5, 'user.update-attend.status'),
(6, 'user.read'),
(7, 'user.delete'),
(8, 'todo.create'),
(9, 'user.todo.create'),
(10, 'todo.update'),
(11, 'user.todo.update'),
(12, 'todo.read'),
(13, 'user.todo.read'),
(14, 'todo.delete'),
(15, 'user.todo.delete'),
(16, 'vacation.create'),
(17, 'user.vacation.create'),
(18, 'vacation.update'),
(19, 'user.vacation.update'),
(20, 'vacation.read'),
(21, 'user.vacation.read'),
(22, 'vacation.delete'),
(23, 'user.vacation.delete'),
(24, 'study-time.create'),
(25, 'study-time.update'),
(26, 'study-time.read'),
(27, 'study-time.delete'),
(28, 'user.study-time.create'),
(29, 'user.study-time.update'),
(30, 'user.study-time.read'),
(31, 'study-time.user.read'),
(32, 'user.study-time.delete'),
(33, 'attendance.create'),
(34, 'attendance.update'),
(35, 'attendance.read'),
(36, 'attendance.delete'),
(37, 'user.attendance.create'),
(38, 'user.attendance.update'),
(39, 'user.attendance.read'),
(40, 'user.attendance.delete');

INSERT INTO role_authority (role_id, authority_id) VALUES
(1, 1),
(2, 1),
(3, 1),
(4, 1),
(1, 2),
(2, 2),
(1, 3),
(2, 3),
(1, 4),
(2, 4),
(1, 5),
(2, 5),
(1, 6),
(2, 6),
(3, 6),
(1, 7),
(1, 8),
(1, 9),
(2, 9),
(3, 9),
(1, 10),
(1, 11),
(2, 11),
(3, 11),
(1, 12),
(2, 12),
(3, 12),
(1, 13),
(2, 13),
(3, 13),
(1, 14),
(1, 15),
(2, 15),
(3, 15),
(1, 16),
(2, 16),
(1, 17),
(2, 17),
(3, 17),
(1, 18),
(2, 18),
(1, 19),
(2, 19),
(3, 19),
(1, 20),
(2, 20),
(1, 21),
(2, 21),
(3, 21),
(1, 22),
(2, 22),
(1, 23),
(2, 23),
(1, 24),
(1, 25),
(1, 26),
(1, 27),
(1, 28),
(2, 28),
(3, 28),
(1, 29),
(2, 29),
(3, 29),
(1, 30),
(2, 30),
(3, 30),
(1, 31),
(2, 31),
(3, 31),
(1, 32),
(2, 32),
(3, 32),
(1, 33),
(2, 33),
(1, 34),
(2, 34),
(1, 35),
(2, 35),
(1, 36),
(2, 36),
(1, 37),
(2, 37),
(1, 38),
(2, 38),
(1, 39),
(2, 39),
(1, 40),
(2, 40);

INSERT INTO team (team_id, update_id, create_id, created_at, updated_at, value) VALUES
(1, 'ADMIN', 'ADMIN', '2022-08-26 14:44:45', '2022-08-26 14:44:45', 'RED'),
(2, 'ADMIN', 'ADMIN', '2022-08-26 14:44:45', '2022-08-26 14:44:45', 'BLUE'),
(3, 'ADMIN', 'ADMIN', '2022-08-26 14:44:45', '2022-08-26 14:44:45', 'NONE');

INSERT INTO user (user_id, update_id, create_id, created_at, updated_at, account_non_expired, account_non_locked, api_id, attend_status, credentials_non_expired, email, email_auth, enabled, nickname, password, refresh_token, username) VALUES
(1, 'ADMIN', 'ADMIN', '2022-09-01 14:08:17', '2022-09-01 14:08:17', true, true, '780f470f-3a58-4d6c-809e-d0c82b818ad3', 'PARTICIPATED', true, 'admin@gmail.com', false, true, 'admin', '$2a$10$C6es8GYVjJO5KvH72Esle.mE2gybaTqb1WBNCdTHnu17a/SXp93aK', null, 'admin'),
(2, 'ADMIN', 'ADMIN', '2022-09-01 14:08:17', '2022-09-01 14:08:17', true, true, '189b7adf-8380-4907-8f4d-87ff95298866', 'PARTICIPATED', true, 'manager@gmail.com', false, true, 'manager', '$2a$10$JWWC15U9m7kvuevcKLPYUu4O97JolygXE7hUfL7i3cAYBSoeNkIMa', null, 'manager'),
(3, 'ADMIN', 'ADMIN', '2022-09-01 14:08:17', '2022-09-01 14:08:17', true, true, 'c25f90eb-c30e-44c2-9d91-be6d523aec4d', 'PARTICIPATED', true, 'user@gmail.com', false, true, 'user', '$2a$10$p8pi8TYNByqMwo0a7rEX5O39wOj6GnN/0q2ePqKzuG0asaSek26SS', null, 'user'),
(4, 'ADMIN', 'ADMIN', '2022-09-01 14:08:17', '2022-09-01 14:08:17', true, true, '188e816d-a8ee-4021-83d1-c6750a96b3ee', 'PARTICIPATED', true, 'unauthorized@gmail.com', false, true, 'unauthorized', '$2a$10$KbL45G89ESUCBOp1M3zNk.Uqr2R06ZwWbBrdyZyvKKKINBM.U8th.', null, 'unauthorized'),
(5, 'ADMIN', 'ADMIN', '2022-08-26 14:45:04', '2022-08-26 14:45:04', true, true, '96ece5fb-23d7-40b1-a442-1e8e5e25996c', 'PARTICIPATED', true, 'yongjule@student.42seoul.kr', false, true, 'yongjule', '$2a$10$Gn/NKHw9ezKgr1r6R.AVAONUgyZ.7ujonU38G3vbiiUqe96DVsCmO', null, 'yongjule'),
(6, 'ADMIN', 'ADMIN', '2022-08-26 14:45:15', '2022-08-26 14:45:15', true, true, '5fbefd6a-2ece-4ba1-8e63-4ca54a5169b6', 'PARTICIPATED', true, 'ghan@student.42seoul.kr', false, true, 'ghan', '$2a$10$TKkOAudEJ9doHqTFvFtXve59GearAAi90MB9XbAFFKd8fMEeabkZG', null, 'ghan'),
(7, 'ADMIN', 'ADMIN', '2022-08-26 14:45:27', '2022-08-26 14:45:27', true, true, 'b2ef910a-d3cf-4893-a051-f0420259bb05', 'PARTICIPATED', true, 'kyunkim@student.42seoul.kr', false, true, 'kyunkim', '$2a$10$8ogJNSnpJxOsoHfYKYe6xeUjdtjLMDUtWft1JPDV8SEU7r5TjGIjG', null, 'kyunkim'),
(8, 'ADMIN', 'ADMIN', '2022-08-26 14:46:02', '2022-08-26 14:46:02', true, true, '8028cd58-7b0a-4031-aba4-a636453ea88b', 'PARTICIPATED', true, 'donshin@student.42seoul.kr', false, true, 'donshin', '$2a$10$ewHFy4ixvegUSJcR7bAtu.miyKQZ0zOJuzj0LgLoGMspA5mcdO0OK', null, 'donshin'),
(9, 'ADMIN', 'ADMIN', '2022-08-26 14:46:14', '2022-08-26 14:46:14', true, true, 'a292e194-ecf2-444f-a6bf-57ad87aed5ae', 'PARTICIPATED', true, 'takim@student.42seoul.kr', false, true, 'takim', '$2a$10$HIXGAz9BV5tFhHvzUH67GufWE3shEwfy1KTM60LkqcDSsxr7Q4ZNe', null, 'takim'),
(10, 'ADMIN', 'ADMIN', '2022-08-26 14:46:24', '2022-08-26 14:46:24', true, true, '22a2d24a-aa0d-4e2f-8714-3f405cd01533', 'PARTICIPATED', true, 'sjin@student.42seoul.kr', false, true, 'sjin', '$2a$10$dMRK.1XtJxY0KBlaeJNIDO7jnNhACHNTP9GCYgU5w2orcNXVIzyHe', null, 'sjin'),
(11, 'ADMIN', 'ADMIN', '2022-08-26 14:46:34', '2022-08-26 14:46:34', true, true, '1d8ed47d-375e-45bd-b020-14b8b86b55b2', 'PARTICIPATED', true, 'dhyeon@student.42seoul.kr', false, true, 'dhyeon', '$2a$10$Aobjfn7LKCxBt5eRVLjDCugoasM.j32OA6MH2687W/qKXEVVDN6xm', null, 'dhyeon'),
(12, 'ADMIN', 'ADMIN', '2022-08-26 14:46:50', '2022-08-26 14:46:50', true, true, '6689e070-8d20-43b7-8751-55ce6a1579e4', 'PARTICIPATED', true, 'mosong@student.42seoul.kr', false, true, 'mosong', '$2a$10$oydb3D34pEcWFwJBY3QPSOpfOPA5spWYWRita2Se6lzvduO1ALHJO', null, 'mosong'),
(13, 'ADMIN', 'ADMIN', '2022-08-26 14:47:03', '2022-08-26 14:47:03', true, true, 'e61c1ce0-def9-437d-af01-0d855b0dbae8', 'PARTICIPATED', true, 'chanhyle@student.42seoul.kr', false, true, 'chanhyle', '$2a$10$itt5YwGAXPS7kh2seMmTTO4GGHrG6GZSUEZoB2RByID.RaAtYy04u', null, 'chanhyle'),
(14, 'ADMIN', 'ADMIN', '2022-08-26 14:47:15', '2022-08-26 14:47:15', true, true, 'ec812785-9832-4da8-a770-93dc1cd5c9a0', 'PARTICIPATED', true, 'sham@student.42seoul.kr', false, true, 'sham', '$2a$10$dMZb/wjWWFUtKoCdBiiSX.L/eLCJgX6HtuRbvtr/ujgaWaXX7ipYW', null, 'sham'),
(15, 'ADMIN', 'ADMIN', '2022-08-26 14:47:23', '2022-08-26 14:47:23', true, true, '6e495785-c071-4b20-a042-b0e7ec2c7c26', 'PARTICIPATED', true, 'jiskim@student.42seoul.kr', false, true, 'jiskim', '$2a$10$lpL/1hSFBy8/9RrkoEXI5up83hWlaUL5AriEKl1/BlO3htPQEZd22', null, 'jiskim'),
(16, 'ADMIN', 'ADMIN', '2022-08-26 14:49:56', '2022-08-26 14:49:56', true, true, 'a7058c05-3aec-42b9-b5c5-d2b24f9ffd9b', 'PARTICIPATED', true, 'hannkim@student.42seoul.kr', false, true, 'hannkim', '$2a$10$bmRTpdEgzB9H7.GX4CR3tOdYNVNf10LH8XUh4XskmPrkJWVaYr1uu', null, 'hannkim');

INSERT INTO user_team (user_team_id, update_id, create_id, created_at, updated_at, currently_used, reason, team_id, user_id) VALUES
(1, 'ADMIN', 'ADMIN', '2022-08-26 14:44:45', '2022-08-26 14:44:45', true, 'initial', 1, 1),
(2, 'ADMIN', 'ADMIN', '2022-08-26 14:44:45', '2022-08-26 14:44:45', true, 'initial', 2, 2),
(3, 'ADMIN', 'ADMIN', '2022-08-26 14:44:45', '2022-08-26 14:44:45', true, 'initial', 3, 3),
(4, 'ADMIN', 'ADMIN', '2022-08-26 14:44:45', '2022-08-26 14:44:45', true, 'initial', 3, 4),
(5, 'ADMIN', 'ADMIN', '2022-08-26 14:45:04', '2022-08-26 14:45:04', true, 'signUpDefault', 1, 5),
(6, 'ADMIN', 'ADMIN', '2022-08-26 14:45:15', '2022-08-26 14:45:15', true, 'signUpDefault', 1, 6),
(7, 'ADMIN', 'ADMIN', '2022-08-26 14:45:27', '2022-08-26 14:45:27', true, 'signUpDefault', 1, 7),
(8, 'ADMIN', 'ADMIN', '2022-08-26 14:46:02', '2022-08-26 14:46:02', true, 'signUpDefault', 1, 8),
(9, 'ADMIN', 'ADMIN', '2022-08-26 14:46:14', '2022-08-26 14:46:14', true, 'signUpDefault', 1, 9),
(10, 'ADMIN', 'ADMIN', '2022-08-26 14:46:24', '2022-08-26 14:46:24', true, 'signUpDefault', 1, 10),
(11, 'ADMIN', 'ADMIN', '2022-08-26 14:46:34', '2022-08-26 14:46:34', true, 'signUpDefault', 2, 11),
(12, 'ADMIN', 'ADMIN', '2022-08-26 14:46:50', '2022-08-26 14:46:50', true, 'signUpDefault', 2, 12),
(13, 'ADMIN', 'ADMIN', '2022-08-26 14:47:03', '2022-08-26 14:47:03', false, 'signUpDefault', 2, 13),
(14, 'ADMIN', 'ADMIN', '2022-08-26 14:47:15', '2022-08-26 14:47:15', true, 'signUpDefault', 2, 14),
(15, 'ADMIN', 'ADMIN', '2022-08-26 14:47:23', '2022-08-26 14:47:23', true, 'signUpDefault', 2, 15),
(16, 'ADMIN', 'ADMIN', '2022-08-26 14:49:56', '2022-08-26 14:49:56', true, 'signUpDefault', 2, 16),
(17, 'ADMIN', 'ADMIN', '2022-08-27 14:47:03', '2022-08-27 14:47:03', true, 'signUpDefault', 1, 13);


INSERT INTO user_role (user_role_id, update_id, create_id, created_at, updated_at, currently_used, reason, role_id, user_id) VALUES
(1, 'ADMIN', 'ADMIN', '2022-08-26 14:44:45', '2022-08-26 14:44:45', true, 'initial', 1, 1),
(2, 'ADMIN', 'ADMIN', '2022-08-26 14:44:45', '2022-08-26 14:44:45', true, 'initial', 2, 2),
(3, 'ADMIN', 'ADMIN', '2022-08-26 14:44:45', '2022-08-26 14:44:45', true, 'initial', 3, 3),
(4, 'ADMIN', 'ADMIN', '2022-08-26 14:44:45', '2022-08-26 14:44:45', true, 'initial', 4, 4),
(5, 'ADMIN', 'ADMIN', '2022-08-26 14:45:04', '2022-08-26 14:45:04', true, 'signUpDefault', 3, 5),
(6, 'ADMIN', 'ADMIN', '2022-08-26 14:45:15', '2022-08-26 14:45:15', true, 'signUpDefault', 3, 6),
(7, 'ADMIN', 'ADMIN', '2022-08-26 14:45:27', '2022-08-26 14:45:27', true, 'signUpDefault', 3, 7),
(8, 'ADMIN', 'ADMIN', '2022-08-26 14:46:02', '2022-08-26 14:46:02', true, 'signUpDefault', 3, 8),
(9, 'ADMIN', 'ADMIN', '2022-08-26 14:46:14', '2022-08-26 14:46:14', true, 'signUpDefault', 3, 9),
(10, 'ADMIN', 'ADMIN', '2022-08-26 14:46:24', '2022-08-26 14:46:24', true, 'signUpDefault', 2, 10),
(11, 'ADMIN', 'ADMIN', '2022-08-26 14:46:34', '2022-08-26 14:46:34', true, 'signUpDefault', 3, 11),
(12, 'ADMIN', 'ADMIN', '2022-08-26 14:46:50', '2022-08-26 14:46:50', true, 'signUpDefault', 3, 12),
(13, 'ADMIN', 'ADMIN', '2022-08-26 14:47:03', '2022-08-26 14:47:03', true, 'signUpDefault', 3, 13),
(14, 'ADMIN', 'ADMIN', '2022-08-26 14:47:15', '2022-08-26 14:47:15', true, 'signUpDefault', 2, 14),
(15, 'ADMIN', 'ADMIN', '2022-08-26 14:47:23', '2022-08-26 14:47:23', false, 'signUpDefault', 3, 15),
(16, 'ADMIN', 'ADMIN', '2022-08-26 14:49:56', '2022-08-26 14:49:56', true, 'signUpDefault', 3, 16),
(17, 'ADMIN', 'ADMIN', '2022-08-27 14:47:23', '2022-08-27 14:47:23', true, 'signUpDefault', 2, 15);

INSERT INTO day_statistical_data (day_statistical_data_id, update_id, create_id, created_at, updated_at, absent_score, attendance_score, study_time_score, todo_success_rate, total_score, week_absent_score, calendar_id, user_id) VALUES
(1, 'ADMIN', 'ADMIN', '2022-08-26 14:44:45', '2022-08-26 14:44:45', 0, 1, 0, 0, 0, 0, 57, 1),
(2, 'ADMIN', 'ADMIN', '2022-08-26 14:44:45', '2022-08-26 14:44:45', 0, 1, 0, 0, 0, 0, 57, 2),
(3, 'ADMIN', 'ADMIN', '2022-08-26 14:44:45', '2022-08-26 14:44:45', 0, 1, 0, 0, 0, 0, 57, 3),
(4, 'ADMIN', 'ADMIN', '2022-08-26 14:44:45', '2022-08-26 14:44:45', 0, 1, 0, 0, 0, 0, 57, 4),
(5, 'ADMIN', 'ADMIN', '2022-08-26 14:45:04', '2022-08-26 14:45:04', 0, 1, 0, 0, 0, 0, 57, 5),
(6, 'ADMIN', 'ADMIN', '2022-08-26 14:45:15', '2022-08-26 14:45:15', 0, 1, 0, 0, 0, 0, 57, 6),
(7, 'ADMIN', 'ADMIN', '2022-08-26 14:45:27', '2022-08-26 14:45:27', 0, 1, 0, 0, 0, 0, 57, 7),
(8, 'ADMIN', 'ADMIN', '2022-08-26 14:46:02', '2022-08-26 14:46:02', 0, 1, 0, 0, 0, 0, 57, 8),
(9, 'ADMIN', 'ADMIN', '2022-08-26 14:46:14', '2022-08-26 14:46:14', 0.25, 0.5, 0, 0, 0.25, 0, 57, 9),
(10, 'ADMIN', 'ADMIN', '2022-08-26 14:46:24', '2022-08-26 14:46:24', 0, 1, 0, 0, 0, 0, 57, 10),
(11, 'ADMIN', 'ADMIN', '2022-08-26 14:46:34', '2022-08-26 14:46:34', 0, 1, 0, 0, 0, 0, 57, 11),
(12, 'ADMIN', 'ADMIN', '2022-08-26 14:46:50', '2022-08-26 14:46:50', 0, 1, 0, 0, 0, 0, 57, 12),
(13, 'ADMIN', 'ADMIN', '2022-08-26 14:47:03', '2022-08-26 14:47:03', 0, 1, 0, 0, 0, 0, 57, 13),
(14, 'ADMIN', 'ADMIN', '2022-08-26 14:47:15', '2022-08-26 14:47:15', 0, 1, 0, 0, 0, 0, 57, 14),
(15, 'ADMIN', 'ADMIN', '2022-08-26 14:47:23', '2022-08-26 14:47:23', 0.25, 0.5, 0, 0, 0.25, 0, 57, 15),
(16, 'ADMIN', 'ADMIN', '2022-08-26 14:49:56', '2022-08-26 14:49:56', 0, 1, 0, 0, 0, 0, 57, 16),

(17, 'ADMIN', 'ADMIN', '2022-08-27 00:00:10', '2022-08-27 00:00:10', 0, 2, 0, 0, 0, 0, 58, 1),
(18, 'ADMIN', 'ADMIN', '2022-08-27 00:00:10', '2022-08-27 00:00:10', 0, 2, 0, 0, 0, 0, 58, 2),
(19, 'ADMIN', 'ADMIN', '2022-08-27 00:00:10', '2022-08-27 00:00:10', 0, 2, 0, 0, 0, 0, 58, 3),
(20, 'ADMIN', 'ADMIN', '2022-08-27 00:00:10', '2022-08-27 00:00:10', 0, 2, 0, 0, 0, 0, 58, 4),
(21, 'ADMIN', 'ADMIN', '2022-08-27 00:00:10', '2022-08-27 00:00:10', 0, 2, 0, 0, 0, 0, 58, 5),
(22, 'ADMIN', 'ADMIN', '2022-08-27 00:00:10', '2022-08-27 00:00:10', 0, 2, 0, 0, 0, 0, 58, 6),
(23, 'ADMIN', 'ADMIN', '2022-08-27 00:00:10', '2022-08-27 00:00:10', 0, 2, 0.39, 0, -0.39, 0, 58, 7),
(24, 'ADMIN', 'ADMIN', '2022-08-27 00:00:10', '2022-08-27 00:00:10', 0, 2, 0, 0, 0, 0, 58, 8),
(25, 'ADMIN', 'ADMIN', '2022-08-27 00:00:10', '2022-08-27 00:00:10', 0.25, 1.5, 0, 0, 0.25, 0, 58, 9),
(26, 'ADMIN', 'ADMIN', '2022-08-27 00:00:10', '2022-08-27 00:00:10', 0.5, 1.5, 0, 0, 0.5, 1, 58, 10),
(27, 'ADMIN', 'ADMIN', '2022-08-27 00:00:10', '2022-08-27 00:00:10', 0, 2, 0, 0, 0, 0, 58, 11),
(28, 'ADMIN', 'ADMIN', '2022-08-27 00:00:10', '2022-08-27 00:00:10', 0, 2, 0, 0, 0, 0, 58, 12),
(29, 'ADMIN', 'ADMIN', '2022-08-27 00:00:10', '2022-08-27 00:00:10', 0, 2, 0, 0, 0, 0, 58, 13),
(30, 'ADMIN', 'ADMIN', '2022-08-27 00:00:10', '2022-08-27 00:00:10', 0, 2, 0, 0, 0, 0, 58, 14),
(31, 'ADMIN', 'ADMIN', '2022-08-27 00:00:10', '2022-08-27 00:00:10', 0.25, 1.5, 0, 0, 0.25, 0, 58, 15),
(32, 'ADMIN', 'ADMIN', '2022-08-27 00:00:10', '2022-08-27 00:00:10', 0, 2, 0, 0, 0, 0, 58, 16),

(33, 'ADMIN', 'ADMIN', '2022-08-28 00:00:10', '2022-08-28 00:00:10', 0, 3, 0, 0, 0, 0, 59, 1),
(34, 'ADMIN', 'ADMIN', '2022-08-28 00:00:10', '2022-08-28 00:00:10', 0, 3, 0, 0, 0, 0, 59, 2),
(35, 'ADMIN', 'ADMIN', '2022-08-28 00:00:10', '2022-08-28 00:00:10', 0, 3, 0, 0, 0, 0, 59, 3),
(36, 'ADMIN', 'ADMIN', '2022-08-28 00:00:10', '2022-08-28 00:00:10', 0, 3, 0, 0, 0, 0, 59, 4),
(37, 'ADMIN', 'ADMIN', '2022-08-28 00:00:10', '2022-08-28 00:00:10', 0, 3, 0, 0, 0, 0, 59, 5),
(38, 'ADMIN', 'ADMIN', '2022-08-28 00:00:10', '2022-08-28 00:00:10', 0, 3, 0, 0, 0, 0, 59, 6),
(39, 'ADMIN', 'ADMIN', '2022-08-28 00:00:10', '2022-08-28 00:00:10', 0, 3, 0.52, 0, -0.52, 0, 59, 7),
(40, 'ADMIN', 'ADMIN', '2022-08-28 00:00:10', '2022-08-28 00:00:10', 0, 3, 0, 0, 0, 0, 59, 8),
(41, 'ADMIN', 'ADMIN', '2022-08-28 00:00:10', '2022-08-28 00:00:10', 0.25, 2.5, 0, 0, 0.25, 0, 59, 9),
(42, 'ADMIN', 'ADMIN', '2022-08-28 00:00:10', '2022-08-28 00:00:10', 0.5, 2.5, 0, 0, 0.5, 0, 59, 10),
(43, 'ADMIN', 'ADMIN', '2022-08-28 00:00:10', '2022-08-28 00:00:10', 0, 3, 0, 0, 0, 0, 59, 11),
(44, 'ADMIN', 'ADMIN', '2022-08-28 00:00:10', '2022-08-28 00:00:10', 0, 3, 0, 0, 0, 0, 59, 12),
(45, 'ADMIN', 'ADMIN', '2022-08-28 00:00:10', '2022-08-28 00:00:10', 0, 3, 0, 0, 0, 0, 59, 13),
(46, 'ADMIN', 'ADMIN', '2022-08-28 00:00:10', '2022-08-28 00:00:10', 0, 3, 0, 0, 0, 0, 59, 14),
(47, 'ADMIN', 'ADMIN', '2022-08-28 00:00:10', '2022-08-28 00:00:10', 0.25, 2.5, 0, 0, 0.25, 0, 59, 15),
(48, 'ADMIN', 'ADMIN', '2022-08-28 00:00:10', '2022-08-28 00:00:10', 0, 3, 0, 0, 0, 0, 59, 16),

(49, 'ADMIN', 'ADMIN', '2022-08-29 00:00:10', '2022-08-29 00:00:10', 0, 4, 0, 0, 0, 0, 60, 1),
(50, 'ADMIN', 'ADMIN', '2022-08-29 00:00:10', '2022-08-29 00:00:10', 0, 4, 0, 0, 0, 0, 60, 2),
(51, 'ADMIN', 'ADMIN', '2022-08-29 00:00:10', '2022-08-29 00:00:10', 0, 4, 0, 0, 0, 0, 60, 3),
(52, 'ADMIN', 'ADMIN', '2022-08-29 00:00:10', '2022-08-29 00:00:10', 0, 4, 0, 0, 0, 0, 60, 4),
(53, 'ADMIN', 'ADMIN', '2022-08-29 00:00:10', '2022-08-29 00:00:10', 0, 4, 0, 0, 0, 0, 60, 5),
(54, 'ADMIN', 'ADMIN', '2022-08-29 00:00:10', '2022-08-29 00:00:10', 0, 4, 0, 0, 0, 0, 60, 6),
(55, 'ADMIN', 'ADMIN', '2022-08-29 00:00:10', '2022-08-29 00:00:10', 0, 4, 0.65, 0, -0.65, 0, 60, 7),
(56, 'ADMIN', 'ADMIN', '2022-08-29 00:00:10', '2022-08-29 00:00:10', 0, 4, 0, 0, 0, 0, 60, 8),
(57, 'ADMIN', 'ADMIN', '2022-08-29 00:00:10', '2022-08-29 00:00:10', 0.25, 3.5, 0, 0, 0.25, 0, 60, 9),
(58, 'ADMIN', 'ADMIN', '2022-08-29 00:00:10', '2022-08-29 00:00:10', 0.5, 3.5, 0, 0, 0.5, 0, 60, 10),
(59, 'ADMIN', 'ADMIN', '2022-08-29 00:00:10', '2022-08-29 00:00:10', 0, 4, 0, 0, 0, 0, 60, 11),
(60, 'ADMIN', 'ADMIN', '2022-08-29 00:00:10', '2022-08-29 00:00:10', 0, 4, 0, 0, 0, 0, 60, 12),
(61, 'ADMIN', 'ADMIN', '2022-08-29 00:00:10', '2022-08-29 00:00:10', 0, 4, 0, 0, 0, 0, 60, 13),
(62, 'ADMIN', 'ADMIN', '2022-08-29 00:00:10', '2022-08-29 00:00:10', 0, 4, 0, 0, 0, 0, 60, 14),
(63, 'ADMIN', 'ADMIN', '2022-08-29 00:00:10', '2022-08-29 00:00:10', 0.25, 3.5, 0, 0, 0.25, 0, 60, 15),
(64, 'ADMIN', 'ADMIN', '2022-08-29 00:00:10', '2022-08-29 00:00:10', 0, 4, 0, 0, 0, 0, 60, 16),

(65, 'ADMIN', 'ADMIN', '2022-08-30 00:00:10', '2022-08-30 00:00:10', 0, 5, 0, 0, 0, 0, 61, 1),
(66, 'ADMIN', 'ADMIN', '2022-08-30 00:00:10', '2022-08-30 00:00:10', 0, 5, 0, 0, 0, 0, 61, 2),
(67, 'ADMIN', 'ADMIN', '2022-08-30 00:00:10', '2022-08-30 00:00:10', 0, 5, 0, 0, 0, 0, 61, 3),
(68, 'ADMIN', 'ADMIN', '2022-08-30 00:00:10', '2022-08-30 00:00:10', 0, 5, 0, 0, 0, 0, 61, 4),
(69, 'ADMIN', 'ADMIN', '2022-08-30 00:00:10', '2022-08-30 00:00:10', 0, 5, 0, 0, 0, 0, 61, 5),
(70, 'ADMIN', 'ADMIN', '2022-08-30 00:00:10', '2022-08-30 00:00:10', 0, 5, 0, 0, 0, 0, 61, 6),
(71, 'ADMIN', 'ADMIN', '2022-08-30 00:00:10', '2022-08-30 00:00:10', 0, 5, 0.78, 0, -0.78, 0, 61, 7),
(72, 'ADMIN', 'ADMIN', '2022-08-30 00:00:10', '2022-08-30 00:00:10', 0, 5, 0, 0, 0, 0, 61, 8),
(73, 'ADMIN', 'ADMIN', '2022-08-30 00:00:10', '2022-08-30 00:00:10', 0.25, 4.5, 0, 0, 0.25, 0, 61, 9),
(74, 'ADMIN', 'ADMIN', '2022-08-30 00:00:10', '2022-08-30 00:00:10', 0.5, 4.5, 0, 0, 0.5, 0, 61, 10),
(75, 'ADMIN', 'ADMIN', '2022-08-30 00:00:10', '2022-08-30 00:00:10', 0, 5, 0, 0, 0, 0, 61, 11),
(76, 'ADMIN', 'ADMIN', '2022-08-30 00:00:10', '2022-08-30 00:00:10', 0, 5, 0, 0, 0, 0, 61, 12),
(77, 'ADMIN', 'ADMIN', '2022-08-30 00:00:10', '2022-08-30 00:00:10', 0, 5, 0, 0, 0, 0, 61, 13),
(78, 'ADMIN', 'ADMIN', '2022-08-30 00:00:10', '2022-08-30 00:00:10', 0, 5, 0, 0, 0, 0, 61, 14),
(79, 'ADMIN', 'ADMIN', '2022-08-30 00:00:10', '2022-08-30 00:00:10', 0.25, 4.5, 0, 0, 0.25, 0, 61, 15),
(80, 'ADMIN', 'ADMIN', '2022-08-30 00:00:10', '2022-08-30 00:00:10', 0, 5, 0, 0, 0, 0, 61, 16),

(81, 'ADMIN', 'ADMIN', '2022-08-31 00:00:10', '2022-08-31 00:00:10', 0, 6, 0, 0, 0, 0, 62, 1),
(82, 'ADMIN', 'ADMIN', '2022-08-31 00:00:10', '2022-08-31 00:00:10', 0, 6, 0, 0, 0, 0, 62, 2),
(83, 'ADMIN', 'ADMIN', '2022-08-31 00:00:10', '2022-08-31 00:00:10', 0, 6, 0, 0, 0, 0, 62, 3),
(84, 'ADMIN', 'ADMIN', '2022-08-31 00:00:10', '2022-08-31 00:00:10', 0, 6, 0, 0, 0, 0, 62, 4),
(85, 'ADMIN', 'ADMIN', '2022-08-31 00:00:10', '2022-08-31 00:00:10', 0, 6, 0, 0, 0, 0, 62, 5),
(86, 'ADMIN', 'ADMIN', '2022-08-31 00:00:10', '2022-08-31 00:00:10', 0, 6, 0, 0, 0, 0, 62, 6),
(87, 'ADMIN', 'ADMIN', '2022-08-31 00:00:10', '2022-08-31 00:00:10', 0, 6, 0.78, 0, -0.78, 0, 62, 7),
(88, 'ADMIN', 'ADMIN', '2022-08-31 00:00:10', '2022-08-31 00:00:10', 0, 6, 0, 0, 0, 0, 62, 8),
(89, 'ADMIN', 'ADMIN', '2022-08-31 00:00:10', '2022-08-31 00:00:10', 0.25, 5.5, 0, 0, 0.25, 0, 62, 9),
(90, 'ADMIN', 'ADMIN', '2022-08-31 00:00:10', '2022-08-31 00:00:10', 0.5, 5.5, 0, 0, 0.5, 0, 62, 10),
(91, 'ADMIN', 'ADMIN', '2022-08-31 00:00:10', '2022-08-31 00:00:10', 0, 6, 0, 0, 0, 0, 62, 11),
(92, 'ADMIN', 'ADMIN', '2022-08-31 00:00:10', '2022-08-31 00:00:10', 0, 6, 0, 0, 0, 0, 62, 12),
(93, 'ADMIN', 'ADMIN', '2022-08-31 00:00:10', '2022-08-31 00:00:10', 0, 6, 0, 0, 0, 0, 62, 13),
(94, 'ADMIN', 'ADMIN', '2022-08-31 00:00:10', '2022-08-31 00:00:10', 0, 6, 0, 0, 0, 0, 62, 14),
(95, 'ADMIN', 'ADMIN', '2022-08-31 00:00:10', '2022-08-31 00:00:10', 0.25, 5.5, 0, 0, 0.25, 0, 62, 15),
(96, 'ADMIN', 'ADMIN', '2022-08-31 00:00:10', '2022-08-31 00:00:10', 0, 6, 0, 0, 0, 0, 62, 16),

(97, 'ADMIN', 'ADMIN', '2022-09-01 00:00:10', '2022-09-01 00:00:10', 0, 7, 0, 0, 0, 0, 63, 1),
(98, 'ADMIN', 'ADMIN', '2022-09-01 00:00:10', '2022-09-01 00:00:10', 0, 7, 0, 0, 0, 0, 63, 2),
(99, 'ADMIN', 'ADMIN', '2022-09-01 00:00:10', '2022-09-01 00:00:10', 0, 7, 0, 0, 0, 0, 63, 3),
(100, 'ADMIN', 'ADMIN', '2022-09-01 00:00:10', '2022-09-01 00:00:10', 0, 7, 0, 0, 0, 0, 63, 4),
(101, 'ADMIN', 'ADMIN', '2022-09-01 00:00:10', '2022-09-01 00:00:10', 0, 7, 0, 0, 0, 0, 63, 5),
(102, 'ADMIN', 'ADMIN', '2022-09-01 00:00:10', '2022-09-01 00:00:10', 0, 7, 0, 0, 0, 0, 63, 6),
(103, 'ADMIN', 'ADMIN', '2022-09-01 00:00:10', '2022-09-01 00:00:10', 0, 7, 0.78, 0, -0.78, 0, 63, 7),
(104, 'ADMIN', 'ADMIN', '2022-09-01 00:00:10', '2022-09-01 00:00:10', 0, 7, 0, 0, 0, 0, 63, 8),
(105, 'ADMIN', 'ADMIN', '2022-09-01 00:00:10', '2022-09-01 00:00:10', 0.25, 6.5, 0, 0, 0.25, 0, 63, 9),
(106, 'ADMIN', 'ADMIN', '2022-09-01 00:00:10', '2022-09-01 00:00:10', 0.5, 6.5, 0, 0, 0.5, 0, 63, 10),
(107, 'ADMIN', 'ADMIN', '2022-09-01 00:00:10', '2022-09-01 00:00:10', 0, 7, 0, 0, 0, 0, 63, 11),
(108, 'ADMIN', 'ADMIN', '2022-09-01 00:00:10', '2022-09-01 00:00:10', 0, 7, 0, 0, 0, 0, 63, 12),
(109, 'ADMIN', 'ADMIN', '2022-09-01 00:00:10', '2022-09-01 00:00:10', 0, 7, 0, 0, 0, 0, 63, 13),
(110, 'ADMIN', 'ADMIN', '2022-09-01 00:00:10', '2022-09-01 00:00:10', 0, 7, 0, 0, 0, 0, 63, 14),
(111, 'ADMIN', 'ADMIN', '2022-09-01 00:00:10', '2022-09-01 00:00:10', 0.25, 6.5, 0, 0, 0.25, 0, 63, 15),
(112, 'ADMIN', 'ADMIN', '2022-09-01 00:00:10', '2022-09-01 00:00:10', 0, 7, 0, 0, 0, 0, 63, 16),

(113, 'ADMIN', 'ADMIN', '2022-09-02 00:00:10', '2022-09-02 00:00:10', 0, 8, 0, 0, 0, 0, 64, 1),
(114, 'ADMIN', 'ADMIN', '2022-09-02 00:00:10', '2022-09-02 00:00:10', 0, 8, 0, 0, 0, 0, 64, 2),
(115, 'ADMIN', 'ADMIN', '2022-09-02 00:00:10', '2022-09-02 00:00:10', 0, 8, 0, 0, 0, 0, 64, 3),
(116, 'ADMIN', 'ADMIN', '2022-09-02 00:00:10', '2022-09-02 00:00:10', 0, 8, 0, 0, 0, 0, 64, 4),
(117, 'ADMIN', 'ADMIN', '2022-09-02 00:00:10', '2022-09-02 00:00:10', 0, 8, 0, 0, 0, 0, 64, 5),
(118, 'ADMIN', 'ADMIN', '2022-09-02 00:00:10', '2022-09-02 00:00:10', 0, 8, 0, 0, 0, 0, 64, 6),
(119, 'ADMIN', 'ADMIN', '2022-09-02 00:00:10', '2022-09-02 00:00:10', 0, 8, 0.78, 0, -0.78, 0, 64, 7),
(120, 'ADMIN', 'ADMIN', '2022-09-02 00:00:10', '2022-09-02 00:00:10', 0, 8, 0, 0, 0, 0, 64, 8),
(121, 'ADMIN', 'ADMIN', '2022-09-02 00:00:10', '2022-09-02 00:00:10', 0.25, 7.5, 0, 0, 0.25, 0, 64, 9),
(122, 'ADMIN', 'ADMIN', '2022-09-02 00:00:10', '2022-09-02 00:00:10', 0.5, 7.5, 0, 0, 0.5, 0, 64, 10),
(123, 'ADMIN', 'ADMIN', '2022-09-02 00:00:10', '2022-09-02 00:00:10', 0, 8, 0, 0, 0, 0, 64, 11),
(124, 'ADMIN', 'ADMIN', '2022-09-02 00:00:10', '2022-09-02 00:00:10', 0, 8, 0, 0, 0, 0, 64, 12),
(125, 'ADMIN', 'ADMIN', '2022-09-02 00:00:10', '2022-09-02 00:00:10', 0, 8, 0, 0, 0, 0, 64, 13),
(126, 'ADMIN', 'ADMIN', '2022-09-02 00:00:10', '2022-09-02 00:00:10', 0, 8, 0, 0, 0, 0, 64, 14),
(127, 'ADMIN', 'ADMIN', '2022-09-02 00:00:10', '2022-09-02 00:00:10', 0.25, 7.5, 0, 0, 0.25, 0, 64, 15),
(128, 'ADMIN', 'ADMIN', '2022-09-02 00:00:10', '2022-09-02 00:00:10', 0, 8, 0, 0, 0, 0, 64, 16),

(129, 'ADMIN', 'ADMIN', '2022-09-03 00:00:10', '2022-09-03 00:00:10', 0, 9, 0, 0, 0, 0, 65, 1),
(130, 'ADMIN', 'ADMIN', '2022-09-03 00:00:10', '2022-09-03 00:00:10', 0, 9, 0, 0, 0, 0, 65, 2),
(131, 'ADMIN', 'ADMIN', '2022-09-03 00:00:10', '2022-09-03 00:00:10', 0, 9, 0, 0, 0, 0, 65, 3),
(132, 'ADMIN', 'ADMIN', '2022-09-03 00:00:10', '2022-09-03 00:00:10', 0, 9, 0, 0, 0, 0, 65, 4),
(133, 'ADMIN', 'ADMIN', '2022-09-03 00:00:10', '2022-09-03 00:00:10', 0, 9, 0, 0, 0, 0, 65, 5),
(134, 'ADMIN', 'ADMIN', '2022-09-03 00:00:10', '2022-09-03 00:00:10', 0, 9, 0, 0, 0, 0, 65, 6),
(135, 'ADMIN', 'ADMIN', '2022-09-03 00:00:10', '2022-09-03 00:00:10', 0, 9, 0.78, 0, -0.78, 0, 65, 7),
(136, 'ADMIN', 'ADMIN', '2022-09-03 00:00:10', '2022-09-03 00:00:10', 0, 9, 0, 0, 0, 0, 65, 8),
(137, 'ADMIN', 'ADMIN', '2022-09-03 00:00:10', '2022-09-03 00:00:10', 0.25, 8.5, 0, 0, 0.25, 0, 65, 9),
(138, 'ADMIN', 'ADMIN', '2022-09-03 00:00:10', '2022-09-03 00:00:10', 0.5, 8.5, 0, 0, 0.5, 0, 65, 10),
(139, 'ADMIN', 'ADMIN', '2022-09-03 00:00:10', '2022-09-03 00:00:10', 0, 9, 0, 0, 0, 0, 65, 11),
(140, 'ADMIN', 'ADMIN', '2022-09-03 00:00:10', '2022-09-03 00:00:10', 0, 9, 0, 0, 0, 0, 65, 12),
(141, 'ADMIN', 'ADMIN', '2022-09-03 00:00:10', '2022-09-03 00:00:10', 0, 9, 0, 0, 0, 0, 65, 13),
(142, 'ADMIN', 'ADMIN', '2022-09-03 00:00:10', '2022-09-03 00:00:10', 0, 9, 0, 0, 0, 0, 65, 14),
(143, 'ADMIN', 'ADMIN', '2022-09-03 00:00:10', '2022-09-03 00:00:10', 0.25, 8.5, 0, 0, 0.25, 0, 65, 15),
(144, 'ADMIN', 'ADMIN', '2022-09-03 00:00:10', '2022-09-03 00:00:10', 0, 9, 0, 0, 0, 0, 65, 16),

(145, 'ADMIN', 'ADMIN', '2022-09-04 00:00:10', '2022-09-04 00:00:10', 0, 10, 0, 0, 0, 0, 66, 1),
(146, 'ADMIN', 'ADMIN', '2022-09-04 00:00:10', '2022-09-04 00:00:10', 0, 10, 0, 0, 0, 0, 66, 2),
(147, 'ADMIN', 'ADMIN', '2022-09-04 00:00:10', '2022-09-04 00:00:10', 0, 10, 0, 0, 0, 0, 66, 3),
(148, 'ADMIN', 'ADMIN', '2022-09-04 00:00:10', '2022-09-04 00:00:10', 0, 10, 0, 0, 0, 0, 66, 4),
(149, 'ADMIN', 'ADMIN', '2022-09-04 00:00:10', '2022-09-04 00:00:10', 0, 10, 0, 0, 0, 0, 66, 5),
(150, 'ADMIN', 'ADMIN', '2022-09-04 00:00:10', '2022-09-04 00:00:10', 0, 10, 0, 0, 0, 0, 66, 6),
(151, 'ADMIN', 'ADMIN', '2022-09-04 00:00:10', '2022-09-04 00:00:10', 0, 10, 0.78, 0, -0.78, 0, 66, 7),
(152, 'ADMIN', 'ADMIN', '2022-09-04 00:00:10', '2022-09-04 00:00:10', 0, 10, 0, 0, 0, 0, 66, 8),
(153, 'ADMIN', 'ADMIN', '2022-09-04 00:00:10', '2022-09-04 00:00:10', 0.25, 9.5, 0, 0, 0.25, 0, 66, 9),
(154, 'ADMIN', 'ADMIN', '2022-09-04 00:00:10', '2022-09-04 00:00:10', 0.5, 9.5, 0, 0, 0.5, 0, 66, 10),
(155, 'ADMIN', 'ADMIN', '2022-09-04 00:00:10', '2022-09-04 00:00:10', 0, 10, 0, 0, 0, 0, 66, 11),
(156, 'ADMIN', 'ADMIN', '2022-09-04 00:00:10', '2022-09-04 00:00:10', 0, 10, 0, 0, 0, 0, 66, 12),
(157, 'ADMIN', 'ADMIN', '2022-09-04 00:00:10', '2022-09-04 00:00:10', 0, 10, 0, 0, 0, 0, 66, 13),
(158, 'ADMIN', 'ADMIN', '2022-09-04 00:00:10', '2022-09-04 00:00:10', 0, 10, 0, 0, 0, 0, 66, 14),
(159, 'ADMIN', 'ADMIN', '2022-09-04 00:00:10', '2022-09-04 00:00:10', 0.25, 9.5, 0, 0, 0.25, 0, 66, 15),
(160, 'ADMIN', 'ADMIN', '2022-09-04 00:00:10', '2022-09-04 00:00:10', 0, 10, 0, 0, 0, 0, 66, 16),

(161, 'ADMIN', 'ADMIN', '2022-09-05 00:00:10', '2022-09-05 00:00:10', 0, 11, 0, 0, 0, 0, 67, 1),
(162, 'ADMIN', 'ADMIN', '2022-09-05 00:00:10', '2022-09-05 00:00:10', 0, 11, 0, 0, 0, 0, 67, 2),
(163, 'ADMIN', 'ADMIN', '2022-09-05 00:00:10', '2022-09-05 00:00:10', 0, 11, 0, 0, 0, 0, 67, 3),
(164, 'ADMIN', 'ADMIN', '2022-09-05 00:00:10', '2022-09-05 00:00:10', 0, 11, 0, 0, 0, 0, 67, 4),
(165, 'ADMIN', 'ADMIN', '2022-09-05 00:00:10', '2022-09-05 00:00:10', 0, 11, 0, 0, 0, 0, 67, 5),
(166, 'ADMIN', 'ADMIN', '2022-09-05 00:00:10', '2022-09-05 00:00:10', 0, 11, 0, 0, 0, 0, 67, 6),
(167, 'ADMIN', 'ADMIN', '2022-09-05 00:00:10', '2022-09-05 00:00:10', 0, 11, 0.78, 0, -0.78, 0, 67, 7),
(168, 'ADMIN', 'ADMIN', '2022-09-05 00:00:10', '2022-09-05 00:00:10', 0, 11, 0, 0, 0, 0, 67, 8),
(169, 'ADMIN', 'ADMIN', '2022-09-05 00:00:10', '2022-09-05 00:00:10', 0.25, 10.5, 0, 0, 0.25, 0, 67, 9),
(170, 'ADMIN', 'ADMIN', '2022-09-05 00:00:10', '2022-09-05 00:00:10', 0.5, 10.5, 0, 0, 0.5, 0, 67, 10),
(171, 'ADMIN', 'ADMIN', '2022-09-05 00:00:10', '2022-09-05 00:00:10', 0, 11, 0, 0, 0, 0, 67, 11),
(172, 'ADMIN', 'ADMIN', '2022-09-05 00:00:10', '2022-09-05 00:00:10', 0, 11, 0, 0, 0, 0, 67, 12),
(173, 'ADMIN', 'ADMIN', '2022-09-05 00:00:10', '2022-09-05 00:00:10', 0, 11, 0, 0, 0, 0, 67, 13),
(174, 'ADMIN', 'ADMIN', '2022-09-05 00:00:10', '2022-09-05 00:00:10', 0, 11, 0, 0, 0, 0, 67, 14),
(175, 'ADMIN', 'ADMIN', '2022-09-05 00:00:10', '2022-09-05 00:00:10', 0.25, 10.5, 0, 0, 0.25, 0, 67, 15),
(176, 'ADMIN', 'ADMIN', '2022-09-05 00:00:10', '2022-09-05 00:00:10', 0, 11, 0, 0, 0, 0, 67, 16),

(177, 'ADMIN', 'ADMIN', '2022-09-06 00:00:10', '2022-09-06 00:00:10', 0, 12, 0, 0, 0, 0, 68, 1),
(178, 'ADMIN', 'ADMIN', '2022-09-06 00:00:10', '2022-09-06 00:00:10', 0, 12, 0, 0, 0, 0, 68, 2),
(179, 'ADMIN', 'ADMIN', '2022-09-06 00:00:10', '2022-09-06 00:00:10', 0, 12, 0, 0, 0, 0, 68, 3),
(180, 'ADMIN', 'ADMIN', '2022-09-06 00:00:10', '2022-09-06 00:00:10', 0, 12, 0, 0, 0, 0, 68, 4),
(181, 'ADMIN', 'ADMIN', '2022-09-06 00:00:10', '2022-09-06 00:00:10', 0, 12, 0, 0, 0, 0, 68, 5),
(182, 'ADMIN', 'ADMIN', '2022-09-06 00:00:10', '2022-09-06 00:00:10', 0, 12, 0, 0, 0, 0, 68, 6),
(183, 'ADMIN', 'ADMIN', '2022-09-06 00:00:10', '2022-09-06 00:00:10', 0, 12, 0.78, 0, -0.78, 0, 68, 7),
(184, 'ADMIN', 'ADMIN', '2022-09-06 00:00:10', '2022-09-06 00:00:10', 0, 12, 0, 0, 0, 0, 68, 8),
(185, 'ADMIN', 'ADMIN', '2022-09-06 00:00:10', '2022-09-06 00:00:10', 0.25, 11.5, 0, 0, 0.25, 0, 68, 9),
(186, 'ADMIN', 'ADMIN', '2022-09-06 00:00:10', '2022-09-06 00:00:10', 0.5, 11.5, 0, 0, 0.5, 0, 68, 10),
(187, 'ADMIN', 'ADMIN', '2022-09-06 00:00:10', '2022-09-06 00:00:10', 0, 12, 0, 0, 0, 0, 68, 11),
(188, 'ADMIN', 'ADMIN', '2022-09-06 00:00:10', '2022-09-06 00:00:10', 0, 12, 0, 0, 0, 0, 68, 12),
(189, 'ADMIN', 'ADMIN', '2022-09-06 00:00:10', '2022-09-06 00:00:10', 0, 12, 0, 0, 0, 0, 68, 13),
(190, 'ADMIN', 'ADMIN', '2022-09-06 00:00:10', '2022-09-06 00:00:10', 0, 12, 0, 0, 0, 0, 68, 14),
(191, 'ADMIN', 'ADMIN', '2022-09-06 00:00:10', '2022-09-06 00:00:10', 0.25, 11.5, 0, 0, 0.25, 0, 68, 15),
(192, 'ADMIN', 'ADMIN', '2022-09-06 00:00:10', '2022-09-06 00:00:10', 0, 12, 0, 0, 0, 0, 68, 16),

(193, 'ADMIN', 'ADMIN', '2022-09-06 00:00:10', '2022-09-06 00:00:10', 0, 0, 0, 0, 0, 0, 69, 1),
(194, 'ADMIN', 'ADMIN', '2022-09-06 00:00:10', '2022-09-06 00:00:10', 0, 0, 0, 0, 0, 0, 69, 2),
(195, 'ADMIN', 'ADMIN', '2022-09-06 00:00:10', '2022-09-06 00:00:10', 0, 0, 0, 0, 0, 0, 69, 3),
(196, 'ADMIN', 'ADMIN', '2022-09-06 00:00:10', '2022-09-06 00:00:10', 0, 0, 0, 0, 0, 0, 69, 4),
(197, 'ADMIN', 'ADMIN', '2022-09-06 00:00:10', '2022-09-06 00:00:10', 0, 0, 0, 0, 0, 0, 69, 5),
(198, 'ADMIN', 'ADMIN', '2022-09-06 00:00:10', '2022-09-06 00:00:10', 0, 0, 0, 0, 0, 0, 69, 6),
(199, 'ADMIN', 'ADMIN', '2022-09-06 00:00:10', '2022-09-06 00:00:10', 0, 0, 0, 0, 0, 0, 69, 7),
(200, 'ADMIN', 'ADMIN', '2022-09-06 00:00:10', '2022-09-06 00:00:10', 0, 0, 0, 0, 0, 0, 69, 8),
(201, 'ADMIN', 'ADMIN', '2022-09-06 00:00:10', '2022-09-06 00:00:10', 0, 0, 0, 0, 0, 0, 69, 9),
(202, 'ADMIN', 'ADMIN', '2022-09-06 00:00:10', '2022-09-06 00:00:10', 0, 0, 0, 0, 0, 0, 69, 10),
(203, 'ADMIN', 'ADMIN', '2022-09-06 00:00:10', '2022-09-06 00:00:10', 0, 0, 0, 0, 0, 0, 69, 11),
(204, 'ADMIN', 'ADMIN', '2022-09-06 00:00:10', '2022-09-06 00:00:10', 0, 0, 0, 0, 0, 0, 69, 12),
(205, 'ADMIN', 'ADMIN', '2022-09-06 00:00:10', '2022-09-06 00:00:10', 0, 0, 0, 0, 0, 0, 69, 13),
(206, 'ADMIN', 'ADMIN', '2022-09-06 00:00:10', '2022-09-06 00:00:10', 0, 0, 0, 0, 0, 0, 69, 14),
(207, 'ADMIN', 'ADMIN', '2022-09-06 00:00:10', '2022-09-06 00:00:10', 0, 0, 0, 0, 0, 0, 69, 15),
(208, 'ADMIN', 'ADMIN', '2022-09-06 00:00:10', '2022-09-06 00:00:10', 0, 0, 0, 0, 0, 0, 69, 16),
(209, 'ADMIN', 'ADMIN', '2022-09-06 00:00:10', '2022-09-06 00:00:10', 0, 0, 0, 0, 0, 0, 70, 1),
(210, 'ADMIN', 'ADMIN', '2022-09-06 00:00:10', '2022-09-06 00:00:10', 0, 0, 0, 0, 0, 0, 70, 2),
(211, 'ADMIN', 'ADMIN', '2022-09-06 00:00:10', '2022-09-06 00:00:10', 0, 0, 0, 0, 0, 0, 70, 3),
(212, 'ADMIN', 'ADMIN', '2022-09-06 00:00:10', '2022-09-06 00:00:10', 0, 0, 0, 0, 0, 0, 70, 4),
(213, 'ADMIN', 'ADMIN', '2022-09-06 00:00:10', '2022-09-06 00:00:10', 0, 0, 0, 0, 0, 0, 70, 5),
(214, 'ADMIN', 'ADMIN', '2022-09-06 00:00:10', '2022-09-06 00:00:10', 0, 0, 0, 0, 0, 0, 70, 6),
(215, 'ADMIN', 'ADMIN', '2022-09-06 00:00:10', '2022-09-06 00:00:10', 0, 0, 0, 0, 0, 0, 70, 7),
(216, 'ADMIN', 'ADMIN', '2022-09-06 00:00:10', '2022-09-06 00:00:10', 0, 0, 0, 0, 0, 0, 70, 8),
(217, 'ADMIN', 'ADMIN', '2022-09-06 00:00:10', '2022-09-06 00:00:10', 0, 0, 0, 0, 0, 0, 70, 9),
(218, 'ADMIN', 'ADMIN', '2022-09-06 00:00:10', '2022-09-06 00:00:10', 0, 0, 0, 0, 0, 0, 70, 10),
(219, 'ADMIN', 'ADMIN', '2022-09-06 00:00:10', '2022-09-06 00:00:10', 0, 0, 0, 0, 0, 0, 70, 11),
(220, 'ADMIN', 'ADMIN', '2022-09-06 00:00:10', '2022-09-06 00:00:10', 0, 0, 0, 0, 0, 0, 70, 12),
(221, 'ADMIN', 'ADMIN', '2022-09-06 00:00:10', '2022-09-06 00:00:10', 0, 0, 0, 0, 0, 0, 70, 13),
(222, 'ADMIN', 'ADMIN', '2022-09-06 00:00:10', '2022-09-06 00:00:10', 0, 0, 0, 0, 0, 0, 70, 14),
(223, 'ADMIN', 'ADMIN', '2022-09-06 00:00:10', '2022-09-06 00:00:10', 0, 0, 0, 0, 0, 0, 70, 15),
(224, 'ADMIN', 'ADMIN', '2022-09-06 00:00:10', '2022-09-06 00:00:10', 0, 0, 0, 0, 0, 0, 70, 16),
(225, 'ADMIN', 'ADMIN', '2022-09-06 00:00:10', '2022-09-06 00:00:10', 0, 0, 0, 0, 0, 0, 71, 1),
(226, 'ADMIN', 'ADMIN', '2022-09-06 00:00:10', '2022-09-06 00:00:10', 0, 0, 0, 0, 0, 0, 71, 2),
(227, 'ADMIN', 'ADMIN', '2022-09-06 00:00:10', '2022-09-06 00:00:10', 0, 0, 0, 0, 0, 0, 71, 3),
(228, 'ADMIN', 'ADMIN', '2022-09-06 00:00:10', '2022-09-06 00:00:10', 0, 0, 0, 0, 0, 0, 71, 4),
(229, 'ADMIN', 'ADMIN', '2022-09-06 00:00:10', '2022-09-06 00:00:10', 0, 0, 0, 0, 0, 0, 71, 5),
(230, 'ADMIN', 'ADMIN', '2022-09-06 00:00:10', '2022-09-06 00:00:10', 0, 0, 0, 0, 0, 0, 71, 6),
(231, 'ADMIN', 'ADMIN', '2022-09-06 00:00:10', '2022-09-06 00:00:10', 0, 0, 0, 0, 0, 0, 71, 7),
(232, 'ADMIN', 'ADMIN', '2022-09-06 00:00:10', '2022-09-06 00:00:10', 0, 0, 0, 0, 0, 0, 71, 8),
(233, 'ADMIN', 'ADMIN', '2022-09-06 00:00:10', '2022-09-06 00:00:10', 0, 0, 0, 0, 0, 0, 71, 9),
(234, 'ADMIN', 'ADMIN', '2022-09-06 00:00:10', '2022-09-06 00:00:10', 0, 0, 0, 0, 0, 0, 71, 10),
(235, 'ADMIN', 'ADMIN', '2022-09-06 00:00:10', '2022-09-06 00:00:10', 0, 0, 0, 0, 0, 0, 71, 11),
(236, 'ADMIN', 'ADMIN', '2022-09-06 00:00:10', '2022-09-06 00:00:10', 0, 0, 0, 0, 0, 0, 71, 12),
(237, 'ADMIN', 'ADMIN', '2022-09-06 00:00:10', '2022-09-06 00:00:10', 0, 0, 0, 0, 0, 0, 71, 13),
(238, 'ADMIN', 'ADMIN', '2022-09-06 00:00:10', '2022-09-06 00:00:10', 0, 0, 0, 0, 0, 0, 71, 14),
(239, 'ADMIN', 'ADMIN', '2022-09-06 00:00:10', '2022-09-06 00:00:10', 0, 0, 0, 0, 0, 0, 71, 15),
(240, 'ADMIN', 'ADMIN', '2022-09-06 00:00:10', '2022-09-06 00:00:10', 0, 0, 0, 0, 0, 0, 71, 16),
(241, 'ADMIN', 'ADMIN', '2022-09-06 00:00:10', '2022-09-06 00:00:10', 0, 0, 0, 0, 0, 0, 72, 1),
(242, 'ADMIN', 'ADMIN', '2022-09-06 00:00:10', '2022-09-06 00:00:10', 0, 0, 0, 0, 0, 0, 72, 2),
(243, 'ADMIN', 'ADMIN', '2022-09-06 00:00:10', '2022-09-06 00:00:10', 0, 0, 0, 0, 0, 0, 72, 3),
(244, 'ADMIN', 'ADMIN', '2022-09-06 00:00:10', '2022-09-06 00:00:10', 0, 0, 0, 0, 0, 0, 72, 4),
(245, 'ADMIN', 'ADMIN', '2022-09-06 00:00:10', '2022-09-06 00:00:10', 0, 0, 0, 0, 0, 0, 72, 5),
(246, 'ADMIN', 'ADMIN', '2022-09-06 00:00:10', '2022-09-06 00:00:10', 0, 0, 0, 0, 0, 0, 72, 6),
(247, 'ADMIN', 'ADMIN', '2022-09-06 00:00:10', '2022-09-06 00:00:10', 0, 0, 0, 0, 0, 0, 72, 7),
(248, 'ADMIN', 'ADMIN', '2022-09-06 00:00:10', '2022-09-06 00:00:10', 0, 0, 0, 0, 0, 0, 72, 8),
(249, 'ADMIN', 'ADMIN', '2022-09-06 00:00:10', '2022-09-06 00:00:10', 0, 0, 0, 0, 0, 0, 72, 9),
(250, 'ADMIN', 'ADMIN', '2022-09-06 00:00:10', '2022-09-06 00:00:10', 0, 0, 0, 0, 0, 0, 72, 10),
(251, 'ADMIN', 'ADMIN', '2022-09-06 00:00:10', '2022-09-06 00:00:10', 0, 0, 0, 0, 0, 0, 72, 11),
(252, 'ADMIN', 'ADMIN', '2022-09-06 00:00:10', '2022-09-06 00:00:10', 0, 0, 0, 0, 0, 0, 72, 12),
(253, 'ADMIN', 'ADMIN', '2022-09-06 00:00:10', '2022-09-06 00:00:10', 0, 0, 0, 0, 0, 0, 72, 13),
(254, 'ADMIN', 'ADMIN', '2022-09-06 00:00:10', '2022-09-06 00:00:10', 0, 0, 0, 0, 0, 0, 72, 14),
(255, 'ADMIN', 'ADMIN', '2022-09-06 00:00:10', '2022-09-06 00:00:10', 0, 0, 0, 0, 0, 0, 72, 15),
(256, 'ADMIN', 'ADMIN', '2022-09-06 00:00:10', '2022-09-06 00:00:10', 0, 0, 0, 0, 0, 0, 72, 16),
(257, 'ADMIN', 'ADMIN', '2022-09-06 00:00:10', '2022-09-06 00:00:10', 0, 0, 0, 0, 0, 0, 73, 1),
(258, 'ADMIN', 'ADMIN', '2022-09-06 00:00:10', '2022-09-06 00:00:10', 0, 0, 0, 0, 0, 0, 73, 2),
(259, 'ADMIN', 'ADMIN', '2022-09-06 00:00:10', '2022-09-06 00:00:10', 0, 0, 0, 0, 0, 0, 73, 3),
(260, 'ADMIN', 'ADMIN', '2022-09-06 00:00:10', '2022-09-06 00:00:10', 0, 0, 0, 0, 0, 0, 73, 4),
(261, 'ADMIN', 'ADMIN', '2022-09-06 00:00:10', '2022-09-06 00:00:10', 0, 0, 0, 0, 0, 0, 73, 5),
(262, 'ADMIN', 'ADMIN', '2022-09-06 00:00:10', '2022-09-06 00:00:10', 0, 0, 0, 0, 0, 0, 73, 6),
(263, 'ADMIN', 'ADMIN', '2022-09-06 00:00:10', '2022-09-06 00:00:10', 0, 0, 0, 0, 0, 0, 73, 7),
(264, 'ADMIN', 'ADMIN', '2022-09-06 00:00:10', '2022-09-06 00:00:10', 0, 0, 0, 0, 0, 0, 73, 8),
(265, 'ADMIN', 'ADMIN', '2022-09-06 00:00:10', '2022-09-06 00:00:10', 0, 0, 0, 0, 0, 0, 73, 9),
(266, 'ADMIN', 'ADMIN', '2022-09-06 00:00:10', '2022-09-06 00:00:10', 0, 0, 0, 0, 0, 0, 73, 10),
(267, 'ADMIN', 'ADMIN', '2022-09-06 00:00:10', '2022-09-06 00:00:10', 0, 0, 0, 0, 0, 0, 73, 11),
(268, 'ADMIN', 'ADMIN', '2022-09-06 00:00:10', '2022-09-06 00:00:10', 0, 0, 0, 0, 0, 0, 73, 12),
(269, 'ADMIN', 'ADMIN', '2022-09-06 00:00:10', '2022-09-06 00:00:10', 0, 0, 0, 0, 0, 0, 73, 13),
(270, 'ADMIN', 'ADMIN', '2022-09-06 00:00:10', '2022-09-06 00:00:10', 0, 0, 0, 0, 0, 0, 73, 14),
(271, 'ADMIN', 'ADMIN', '2022-09-06 00:00:10', '2022-09-06 00:00:10', 0, 0, 0, 0, 0, 0, 73, 15),
(272, 'ADMIN', 'ADMIN', '2022-09-06 00:00:10', '2022-09-06 00:00:10', 0, 0, 0, 0, 0, 0, 73, 16),
(273, 'ADMIN', 'ADMIN', '2022-09-06 00:00:10', '2022-09-06 00:00:10', 0, 0, 0, 0, 0, 0, 74, 1),
(274, 'ADMIN', 'ADMIN', '2022-09-06 00:00:10', '2022-09-06 00:00:10', 0, 0, 0, 0, 0, 0, 74, 2),
(275, 'ADMIN', 'ADMIN', '2022-09-06 00:00:10', '2022-09-06 00:00:10', 0, 0, 0, 0, 0, 0, 74, 3),
(276, 'ADMIN', 'ADMIN', '2022-09-06 00:00:10', '2022-09-06 00:00:10', 0, 0, 0, 0, 0, 0, 74, 4),
(277, 'ADMIN', 'ADMIN', '2022-09-06 00:00:10', '2022-09-06 00:00:10', 0, 0, 0, 0, 0, 0, 74, 5),
(278, 'ADMIN', 'ADMIN', '2022-09-06 00:00:10', '2022-09-06 00:00:10', 0, 0, 0, 0, 0, 0, 74, 6),
(279, 'ADMIN', 'ADMIN', '2022-09-06 00:00:10', '2022-09-06 00:00:10', 0, 0, 0, 0, 0, 0, 74, 7),
(280, 'ADMIN', 'ADMIN', '2022-09-06 00:00:10', '2022-09-06 00:00:10', 0, 0, 0, 0, 0, 0, 74, 8),
(281, 'ADMIN', 'ADMIN', '2022-09-06 00:00:10', '2022-09-06 00:00:10', 0, 0, 0, 0, 0, 0, 74, 9),
(282, 'ADMIN', 'ADMIN', '2022-09-06 00:00:10', '2022-09-06 00:00:10', 0, 0, 0, 0, 0, 0, 74, 10),
(283, 'ADMIN', 'ADMIN', '2022-09-06 00:00:10', '2022-09-06 00:00:10', 0, 0, 0, 0, 0, 0, 74, 11),
(284, 'ADMIN', 'ADMIN', '2022-09-06 00:00:10', '2022-09-06 00:00:10', 0, 0, 0, 0, 0, 0, 74, 12),
(285, 'ADMIN', 'ADMIN', '2022-09-06 00:00:10', '2022-09-06 00:00:10', 0, 0, 0, 0, 0, 0, 74, 13),
(286, 'ADMIN', 'ADMIN', '2022-09-06 00:00:10', '2022-09-06 00:00:10', 0, 0, 0, 0, 0, 0, 74, 14),
(287, 'ADMIN', 'ADMIN', '2022-09-06 00:00:10', '2022-09-06 00:00:10', 0, 0, 0, 0, 0, 0, 74, 15),
(288, 'ADMIN', 'ADMIN', '2022-09-06 00:00:10', '2022-09-06 00:00:10', 0, 0, 0, 0, 0, 0, 74, 16),
(289, 'ADMIN', 'ADMIN', '2022-09-06 00:00:10', '2022-09-06 00:00:10', 0, 0, 0, 0, 0, 0, 75, 1),
(290, 'ADMIN', 'ADMIN', '2022-09-06 00:00:10', '2022-09-06 00:00:10', 0, 0, 0, 0, 0, 0, 75, 2),
(291, 'ADMIN', 'ADMIN', '2022-09-06 00:00:10', '2022-09-06 00:00:10', 0, 0, 0, 0, 0, 0, 75, 3),
(292, 'ADMIN', 'ADMIN', '2022-09-06 00:00:10', '2022-09-06 00:00:10', 0, 0, 0, 0, 0, 0, 75, 4),
(293, 'ADMIN', 'ADMIN', '2022-09-06 00:00:10', '2022-09-06 00:00:10', 0, 0, 0, 0, 0, 0, 75, 5),
(294, 'ADMIN', 'ADMIN', '2022-09-06 00:00:10', '2022-09-06 00:00:10', 0, 0, 0, 0, 0, 0, 75, 6),
(295, 'ADMIN', 'ADMIN', '2022-09-06 00:00:10', '2022-09-06 00:00:10', 0, 0, 0, 0, 0, 0, 75, 7),
(296, 'ADMIN', 'ADMIN', '2022-09-06 00:00:10', '2022-09-06 00:00:10', 0, 0, 0, 0, 0, 0, 75, 8),
(297, 'ADMIN', 'ADMIN', '2022-09-06 00:00:10', '2022-09-06 00:00:10', 0, 0, 0, 0, 0, 0, 75, 9),
(298, 'ADMIN', 'ADMIN', '2022-09-06 00:00:10', '2022-09-06 00:00:10', 0, 0, 0, 0, 0, 0, 75, 10),
(299, 'ADMIN', 'ADMIN', '2022-09-06 00:00:10', '2022-09-06 00:00:10', 0, 0, 0, 0, 0, 0, 75, 11),
(300, 'ADMIN', 'ADMIN', '2022-09-06 00:00:10', '2022-09-06 00:00:10', 0, 0, 0, 0, 0, 0, 75, 12),
(301, 'ADMIN', 'ADMIN', '2022-09-06 00:00:10', '2022-09-06 00:00:10', 0, 0, 0, 0, 0, 0, 75, 13),
(302, 'ADMIN', 'ADMIN', '2022-09-06 00:00:10', '2022-09-06 00:00:10', 0, 0, 0, 0, 0, 0, 75, 14),
(303, 'ADMIN', 'ADMIN', '2022-09-06 00:00:10', '2022-09-06 00:00:10', 0, 0, 0, 0, 0, 0, 75, 15),
(304, 'ADMIN', 'ADMIN', '2022-09-06 00:00:10', '2022-09-06 00:00:10', 0, 0, 0, 0, 0, 0, 75, 16),
(305, 'ADMIN', 'ADMIN', '2022-09-06 00:00:10', '2022-09-06 00:00:10', 0, 0, 0, 0, 0, 0, 76, 1),
(306, 'ADMIN', 'ADMIN', '2022-09-06 00:00:10', '2022-09-06 00:00:10', 0, 0, 0, 0, 0, 0, 76, 2),
(307, 'ADMIN', 'ADMIN', '2022-09-06 00:00:10', '2022-09-06 00:00:10', 0, 0, 0, 0, 0, 0, 76, 3),
(308, 'ADMIN', 'ADMIN', '2022-09-06 00:00:10', '2022-09-06 00:00:10', 0, 0, 0, 0, 0, 0, 76, 4),
(309, 'ADMIN', 'ADMIN', '2022-09-06 00:00:10', '2022-09-06 00:00:10', 0, 0, 0, 0, 0, 0, 76, 5),
(310, 'ADMIN', 'ADMIN', '2022-09-06 00:00:10', '2022-09-06 00:00:10', 0, 0, 0, 0, 0, 0, 76, 6),
(311, 'ADMIN', 'ADMIN', '2022-09-06 00:00:10', '2022-09-06 00:00:10', 0, 0, 0, 0, 0, 0, 76, 7),
(312, 'ADMIN', 'ADMIN', '2022-09-06 00:00:10', '2022-09-06 00:00:10', 0, 0, 0, 0, 0, 0, 76, 8),
(313, 'ADMIN', 'ADMIN', '2022-09-06 00:00:10', '2022-09-06 00:00:10', 0, 0, 0, 0, 0, 0, 76, 9),
(314, 'ADMIN', 'ADMIN', '2022-09-06 00:00:10', '2022-09-06 00:00:10', 0, 0, 0, 0, 0, 0, 76, 10),
(315, 'ADMIN', 'ADMIN', '2022-09-06 00:00:10', '2022-09-06 00:00:10', 0, 0, 0, 0, 0, 0, 76, 11),
(316, 'ADMIN', 'ADMIN', '2022-09-06 00:00:10', '2022-09-06 00:00:10', 0, 0, 0, 0, 0, 0, 76, 12),
(317, 'ADMIN', 'ADMIN', '2022-09-06 00:00:10', '2022-09-06 00:00:10', 0, 0, 0, 0, 0, 0, 76, 13),
(318, 'ADMIN', 'ADMIN', '2022-09-06 00:00:10', '2022-09-06 00:00:10', 0, 0, 0, 0, 0, 0, 76, 14),
(319, 'ADMIN', 'ADMIN', '2022-09-06 00:00:10', '2022-09-06 00:00:10', 0, 0, 0, 0, 0, 0, 76, 15),
(320, 'ADMIN', 'ADMIN', '2022-09-06 00:00:10', '2022-09-06 00:00:10', 0, 0, 0, 0, 0, 0, 76, 16),
(321, 'ADMIN', 'ADMIN', '2022-09-06 00:00:10', '2022-09-06 00:00:10', 0, 0, 0, 0, 0, 0, 77, 1),
(322, 'ADMIN', 'ADMIN', '2022-09-06 00:00:10', '2022-09-06 00:00:10', 0, 0, 0, 0, 0, 0, 77, 2),
(323, 'ADMIN', 'ADMIN', '2022-09-06 00:00:10', '2022-09-06 00:00:10', 0, 0, 0, 0, 0, 0, 77, 3),
(324, 'ADMIN', 'ADMIN', '2022-09-06 00:00:10', '2022-09-06 00:00:10', 0, 0, 0, 0, 0, 0, 77, 4),
(325, 'ADMIN', 'ADMIN', '2022-09-06 00:00:10', '2022-09-06 00:00:10', 0, 0, 0, 0, 0, 0, 77, 5),
(326, 'ADMIN', 'ADMIN', '2022-09-06 00:00:10', '2022-09-06 00:00:10', 0, 0, 0, 0, 0, 0, 77, 6),
(327, 'ADMIN', 'ADMIN', '2022-09-06 00:00:10', '2022-09-06 00:00:10', 0, 0, 0, 0, 0, 0, 77, 7),
(328, 'ADMIN', 'ADMIN', '2022-09-06 00:00:10', '2022-09-06 00:00:10', 0, 0, 0, 0, 0, 0, 77, 8),
(329, 'ADMIN', 'ADMIN', '2022-09-06 00:00:10', '2022-09-06 00:00:10', 0, 0, 0, 0, 0, 0, 77, 9),
(330, 'ADMIN', 'ADMIN', '2022-09-06 00:00:10', '2022-09-06 00:00:10', 0, 0, 0, 0, 0, 0, 77, 10),
(331, 'ADMIN', 'ADMIN', '2022-09-06 00:00:10', '2022-09-06 00:00:10', 0, 0, 0, 0, 0, 0, 77, 11),
(332, 'ADMIN', 'ADMIN', '2022-09-06 00:00:10', '2022-09-06 00:00:10', 0, 0, 0, 0, 0, 0, 77, 12),
(333, 'ADMIN', 'ADMIN', '2022-09-06 00:00:10', '2022-09-06 00:00:10', 0, 0, 0, 0, 0, 0, 77, 13),
(334, 'ADMIN', 'ADMIN', '2022-09-06 00:00:10', '2022-09-06 00:00:10', 0, 0, 0, 0, 0, 0, 77, 14),
(335, 'ADMIN', 'ADMIN', '2022-09-06 00:00:10', '2022-09-06 00:00:10', 0, 0, 0, 0, 0, 0, 77, 15),
(336, 'ADMIN', 'ADMIN', '2022-09-06 00:00:10', '2022-09-06 00:00:10', 0, 0, 0, 0, 0, 0, 77, 16),
(337, 'ADMIN', 'ADMIN', '2022-09-06 00:00:10', '2022-09-06 00:00:10', 0, 0, 0, 0, 0, 0, 78, 1),
(338, 'ADMIN', 'ADMIN', '2022-09-06 00:00:10', '2022-09-06 00:00:10', 0, 0, 0, 0, 0, 0, 78, 2),
(339, 'ADMIN', 'ADMIN', '2022-09-06 00:00:10', '2022-09-06 00:00:10', 0, 0, 0, 0, 0, 0, 78, 3),
(340, 'ADMIN', 'ADMIN', '2022-09-06 00:00:10', '2022-09-06 00:00:10', 0, 0, 0, 0, 0, 0, 78, 4),
(341, 'ADMIN', 'ADMIN', '2022-09-06 00:00:10', '2022-09-06 00:00:10', 0, 0, 0, 0, 0, 0, 78, 5),
(342, 'ADMIN', 'ADMIN', '2022-09-06 00:00:10', '2022-09-06 00:00:10', 0, 0, 0, 0, 0, 0, 78, 6),
(343, 'ADMIN', 'ADMIN', '2022-09-06 00:00:10', '2022-09-06 00:00:10', 0, 0, 0, 0, 0, 0, 78, 7),
(344, 'ADMIN', 'ADMIN', '2022-09-06 00:00:10', '2022-09-06 00:00:10', 0, 0, 0, 0, 0, 0, 78, 8),
(345, 'ADMIN', 'ADMIN', '2022-09-06 00:00:10', '2022-09-06 00:00:10', 0, 0, 0, 0, 0, 0, 78, 9),
(346, 'ADMIN', 'ADMIN', '2022-09-06 00:00:10', '2022-09-06 00:00:10', 0, 0, 0, 0, 0, 0, 78, 10),
(347, 'ADMIN', 'ADMIN', '2022-09-06 00:00:10', '2022-09-06 00:00:10', 0, 0, 0, 0, 0, 0, 78, 11),
(348, 'ADMIN', 'ADMIN', '2022-09-06 00:00:10', '2022-09-06 00:00:10', 0, 0, 0, 0, 0, 0, 78, 12),
(349, 'ADMIN', 'ADMIN', '2022-09-06 00:00:10', '2022-09-06 00:00:10', 0, 0, 0, 0, 0, 0, 78, 13),
(350, 'ADMIN', 'ADMIN', '2022-09-06 00:00:10', '2022-09-06 00:00:10', 0, 0, 0, 0, 0, 0, 78, 14),
(351, 'ADMIN', 'ADMIN', '2022-09-06 00:00:10', '2022-09-06 00:00:10', 0, 0, 0, 0, 0, 0, 78, 15),
(352, 'ADMIN', 'ADMIN', '2022-09-06 00:00:10', '2022-09-06 00:00:10', 0, 0, 0, 0, 0, 0, 78, 16),
(353, 'ADMIN', 'ADMIN', '2022-09-06 00:00:10', '2022-09-06 00:00:10', 0, 0, 0, 0, 0, 0, 79, 1),
(354, 'ADMIN', 'ADMIN', '2022-09-06 00:00:10', '2022-09-06 00:00:10', 0, 0, 0, 0, 0, 0, 79, 2),
(355, 'ADMIN', 'ADMIN', '2022-09-06 00:00:10', '2022-09-06 00:00:10', 0, 0, 0, 0, 0, 0, 79, 3),
(356, 'ADMIN', 'ADMIN', '2022-09-06 00:00:10', '2022-09-06 00:00:10', 0, 0, 0, 0, 0, 0, 79, 4),
(357, 'ADMIN', 'ADMIN', '2022-09-06 00:00:10', '2022-09-06 00:00:10', 0, 0, 0, 0, 0, 0, 79, 5),
(358, 'ADMIN', 'ADMIN', '2022-09-06 00:00:10', '2022-09-06 00:00:10', 0, 0, 0, 0, 0, 0, 79, 6),
(359, 'ADMIN', 'ADMIN', '2022-09-06 00:00:10', '2022-09-06 00:00:10', 0, 0, 0, 0, 0, 0, 79, 7),
(360, 'ADMIN', 'ADMIN', '2022-09-06 00:00:10', '2022-09-06 00:00:10', 0, 0, 0, 0, 0, 0, 79, 8),
(361, 'ADMIN', 'ADMIN', '2022-09-06 00:00:10', '2022-09-06 00:00:10', 0, 0, 0, 0, 0, 0, 79, 9),
(362, 'ADMIN', 'ADMIN', '2022-09-06 00:00:10', '2022-09-06 00:00:10', 0, 0, 0, 0, 0, 0, 79, 10),
(363, 'ADMIN', 'ADMIN', '2022-09-06 00:00:10', '2022-09-06 00:00:10', 0, 0, 0, 0, 0, 0, 79, 11),
(364, 'ADMIN', 'ADMIN', '2022-09-06 00:00:10', '2022-09-06 00:00:10', 0, 0, 0, 0, 0, 0, 79, 12),
(365, 'ADMIN', 'ADMIN', '2022-09-06 00:00:10', '2022-09-06 00:00:10', 0, 0, 0, 0, 0, 0, 79, 13),
(366, 'ADMIN', 'ADMIN', '2022-09-06 00:00:10', '2022-09-06 00:00:10', 0, 0, 0, 0, 0, 0, 79, 14),
(367, 'ADMIN', 'ADMIN', '2022-09-06 00:00:10', '2022-09-06 00:00:10', 0, 0, 0, 0, 0, 0, 79, 15),
(368, 'ADMIN', 'ADMIN', '2022-09-06 00:00:10', '2022-09-06 00:00:10', 0, 0, 0, 0, 0, 0, 79, 16),
(369, 'ADMIN', 'ADMIN', '2022-09-06 00:00:10', '2022-09-06 00:00:10', 0, 0, 0, 0, 0, 0, 80, 1),
(370, 'ADMIN', 'ADMIN', '2022-09-06 00:00:10', '2022-09-06 00:00:10', 0, 0, 0, 0, 0, 0, 80, 2),
(371, 'ADMIN', 'ADMIN', '2022-09-06 00:00:10', '2022-09-06 00:00:10', 0, 0, 0, 0, 0, 0, 80, 3),
(372, 'ADMIN', 'ADMIN', '2022-09-06 00:00:10', '2022-09-06 00:00:10', 0, 0, 0, 0, 0, 0, 80, 4),
(373, 'ADMIN', 'ADMIN', '2022-09-06 00:00:10', '2022-09-06 00:00:10', 0, 0, 0, 0, 0, 0, 80, 5),
(374, 'ADMIN', 'ADMIN', '2022-09-06 00:00:10', '2022-09-06 00:00:10', 0, 0, 0, 0, 0, 0, 80, 6),
(375, 'ADMIN', 'ADMIN', '2022-09-06 00:00:10', '2022-09-06 00:00:10', 0, 0, 0, 0, 0, 0, 80, 7),
(376, 'ADMIN', 'ADMIN', '2022-09-06 00:00:10', '2022-09-06 00:00:10', 0, 0, 0, 0, 0, 0, 80, 8),
(377, 'ADMIN', 'ADMIN', '2022-09-06 00:00:10', '2022-09-06 00:00:10', 0, 0, 0, 0, 0, 0, 80, 9),
(378, 'ADMIN', 'ADMIN', '2022-09-06 00:00:10', '2022-09-06 00:00:10', 0, 0, 0, 0, 0, 0, 80, 10),
(379, 'ADMIN', 'ADMIN', '2022-09-06 00:00:10', '2022-09-06 00:00:10', 0, 0, 0, 0, 0, 0, 80, 11),
(380, 'ADMIN', 'ADMIN', '2022-09-06 00:00:10', '2022-09-06 00:00:10', 0, 0, 0, 0, 0, 0, 80, 12),
(381, 'ADMIN', 'ADMIN', '2022-09-06 00:00:10', '2022-09-06 00:00:10', 0, 0, 0, 0, 0, 0, 80, 13),
(382, 'ADMIN', 'ADMIN', '2022-09-06 00:00:10', '2022-09-06 00:00:10', 0, 0, 0, 0, 0, 0, 80, 14),
(383, 'ADMIN', 'ADMIN', '2022-09-06 00:00:10', '2022-09-06 00:00:10', 0, 0, 0, 0, 0, 0, 80, 15),
(384, 'ADMIN', 'ADMIN', '2022-09-06 00:00:10', '2022-09-06 00:00:10', 0, 0, 0, 0, 0, 0, 80, 16),
(385, 'ADMIN', 'ADMIN', '2022-09-06 00:00:10', '2022-09-06 00:00:10', 0, 0, 0, 0, 0, 0, 81, 1),
(386, 'ADMIN', 'ADMIN', '2022-09-06 00:00:10', '2022-09-06 00:00:10', 0, 0, 0, 0, 0, 0, 81, 2),
(387, 'ADMIN', 'ADMIN', '2022-09-06 00:00:10', '2022-09-06 00:00:10', 0, 0, 0, 0, 0, 0, 81, 3),
(388, 'ADMIN', 'ADMIN', '2022-09-06 00:00:10', '2022-09-06 00:00:10', 0, 0, 0, 0, 0, 0, 81, 4),
(389, 'ADMIN', 'ADMIN', '2022-09-06 00:00:10', '2022-09-06 00:00:10', 0, 0, 0, 0, 0, 0, 81, 5),
(390, 'ADMIN', 'ADMIN', '2022-09-06 00:00:10', '2022-09-06 00:00:10', 0, 0, 0, 0, 0, 0, 81, 6),
(391, 'ADMIN', 'ADMIN', '2022-09-06 00:00:10', '2022-09-06 00:00:10', 0, 0, 0, 0, 0, 0, 81, 7),
(392, 'ADMIN', 'ADMIN', '2022-09-06 00:00:10', '2022-09-06 00:00:10', 0, 0, 0, 0, 0, 0, 81, 8),
(393, 'ADMIN', 'ADMIN', '2022-09-06 00:00:10', '2022-09-06 00:00:10', 0, 0, 0, 0, 0, 0, 81, 9),
(394, 'ADMIN', 'ADMIN', '2022-09-06 00:00:10', '2022-09-06 00:00:10', 0, 0, 0, 0, 0, 0, 81, 10),
(395, 'ADMIN', 'ADMIN', '2022-09-06 00:00:10', '2022-09-06 00:00:10', 0, 0, 0, 0, 0, 0, 81, 11),
(396, 'ADMIN', 'ADMIN', '2022-09-06 00:00:10', '2022-09-06 00:00:10', 0, 0, 0, 0, 0, 0, 81, 12),
(397, 'ADMIN', 'ADMIN', '2022-09-06 00:00:10', '2022-09-06 00:00:10', 0, 0, 0, 0, 0, 0, 81, 13),
(398, 'ADMIN', 'ADMIN', '2022-09-06 00:00:10', '2022-09-06 00:00:10', 0, 0, 0, 0, 0, 0, 81, 14),
(399, 'ADMIN', 'ADMIN', '2022-09-06 00:00:10', '2022-09-06 00:00:10', 0, 0, 0, 0, 0, 0, 81, 15),
(400, 'ADMIN', 'ADMIN', '2022-09-06 00:00:10', '2022-09-06 00:00:10', 0, 0, 0, 0, 0, 0, 81, 16),
(401, 'ADMIN', 'ADMIN', '2022-09-06 00:00:10', '2022-09-06 00:00:10', 0, 0, 0, 0, 0, 0, 82, 1),
(402, 'ADMIN', 'ADMIN', '2022-09-06 00:00:10', '2022-09-06 00:00:10', 0, 0, 0, 0, 0, 0, 82, 2),
(403, 'ADMIN', 'ADMIN', '2022-09-06 00:00:10', '2022-09-06 00:00:10', 0, 0, 0, 0, 0, 0, 82, 3),
(404, 'ADMIN', 'ADMIN', '2022-09-06 00:00:10', '2022-09-06 00:00:10', 0, 0, 0, 0, 0, 0, 82, 4),
(405, 'ADMIN', 'ADMIN', '2022-09-06 00:00:10', '2022-09-06 00:00:10', 0, 0, 0, 0, 0, 0, 82, 5),
(406, 'ADMIN', 'ADMIN', '2022-09-06 00:00:10', '2022-09-06 00:00:10', 0, 0, 0, 0, 0, 0, 82, 6),
(407, 'ADMIN', 'ADMIN', '2022-09-06 00:00:10', '2022-09-06 00:00:10', 0, 0, 0, 0, 0, 0, 82, 7),
(408, 'ADMIN', 'ADMIN', '2022-09-06 00:00:10', '2022-09-06 00:00:10', 0, 0, 0, 0, 0, 0, 82, 8),
(409, 'ADMIN', 'ADMIN', '2022-09-06 00:00:10', '2022-09-06 00:00:10', 0, 0, 0, 0, 0, 0, 82, 9),
(410, 'ADMIN', 'ADMIN', '2022-09-06 00:00:10', '2022-09-06 00:00:10', 0, 0, 0, 0, 0, 0, 82, 10),
(411, 'ADMIN', 'ADMIN', '2022-09-06 00:00:10', '2022-09-06 00:00:10', 0, 0, 0, 0, 0, 0, 82, 11),
(412, 'ADMIN', 'ADMIN', '2022-09-06 00:00:10', '2022-09-06 00:00:10', 0, 0, 0, 0, 0, 0, 82, 12),
(413, 'ADMIN', 'ADMIN', '2022-09-06 00:00:10', '2022-09-06 00:00:10', 0, 0, 0, 0, 0, 0, 82, 13),
(414, 'ADMIN', 'ADMIN', '2022-09-06 00:00:10', '2022-09-06 00:00:10', 0, 0, 0, 0, 0, 0, 82, 14),
(415, 'ADMIN', 'ADMIN', '2022-09-06 00:00:10', '2022-09-06 00:00:10', 0, 0, 0, 0, 0, 0, 82, 15),
(416, 'ADMIN', 'ADMIN', '2022-09-06 00:00:10', '2022-09-06 00:00:10', 0, 0, 0, 0, 0, 0, 82, 16),

(417, 'ADMIN', 'ADMIN', '2022-09-06 00:00:10', '2022-09-06 00:00:10', 0, 0, 0, 0, 0, 0, 83, 1),
(418, 'ADMIN', 'ADMIN', '2022-09-06 00:00:10', '2022-09-06 00:00:10', 0, 0, 0, 0, 0, 0, 83, 2),
(419, 'ADMIN', 'ADMIN', '2022-09-06 00:00:10', '2022-09-06 00:00:10', 0, 0, 0, 0, 0, 0, 83, 3),
(420, 'ADMIN', 'ADMIN', '2022-09-06 00:00:10', '2022-09-06 00:00:10', 0, 0, 0, 0, 0, 0, 83, 4),
(421, 'ADMIN', 'ADMIN', '2022-09-06 00:00:10', '2022-09-06 00:00:10', 0, 0, 0, 0, 0, 0, 83, 5),
(422, 'ADMIN', 'ADMIN', '2022-09-06 00:00:10', '2022-09-06 00:00:10', 0, 0, 0, 0, 0, 0, 83, 6),
(423, 'ADMIN', 'ADMIN', '2022-09-06 00:00:10', '2022-09-06 00:00:10', 0, 0, 0, 0, 0, 0, 83, 7),
(424, 'ADMIN', 'ADMIN', '2022-09-06 00:00:10', '2022-09-06 00:00:10', 0, 0, 0, 0, 0, 0, 83, 8),
(425, 'ADMIN', 'ADMIN', '2022-09-06 00:00:10', '2022-09-06 00:00:10', 0, 0, 0, 0, 0, 0, 83, 9),
(426, 'ADMIN', 'ADMIN', '2022-09-06 00:00:10', '2022-09-06 00:00:10', 0, 0, 0, 0, 0, 0, 83, 10),
(427, 'ADMIN', 'ADMIN', '2022-09-06 00:00:10', '2022-09-06 00:00:10', 0, 0, 0, 0, 0, 0, 83, 11),
(428, 'ADMIN', 'ADMIN', '2022-09-06 00:00:10', '2022-09-06 00:00:10', 0, 0, 0, 0, 0, 0, 83, 12),
(429, 'ADMIN', 'ADMIN', '2022-09-06 00:00:10', '2022-09-06 00:00:10', 0, 0, 0, 0, 0, 0, 83, 13),
(430, 'ADMIN', 'ADMIN', '2022-09-06 00:00:10', '2022-09-06 00:00:10', 0, 0, 0, 0, 0, 0, 83, 14),
(431, 'ADMIN', 'ADMIN', '2022-09-06 00:00:10', '2022-09-06 00:00:10', 0, 0, 0, 0, 0, 0, 83, 15),
(432, 'ADMIN', 'ADMIN', '2022-09-06 00:00:10', '2022-09-06 00:00:10', 0, 0, 0, 0, 0, 0, 83, 16),

(433, 'ADMIN', 'ADMIN', '2022-09-06 00:00:10', '2022-09-06 00:00:10', 0, 0, 0, 0, 0, 0, 84, 1),
(434, 'ADMIN', 'ADMIN', '2022-09-06 00:00:10', '2022-09-06 00:00:10', 0, 0, 0, 0, 0, 0, 84, 2),
(435, 'ADMIN', 'ADMIN', '2022-09-06 00:00:10', '2022-09-06 00:00:10', 0, 0, 0, 0, 0, 0, 84, 3),
(436, 'ADMIN', 'ADMIN', '2022-09-06 00:00:10', '2022-09-06 00:00:10', 0, 0, 0, 0, 0, 0, 84, 4),
(437, 'ADMIN', 'ADMIN', '2022-09-06 00:00:10', '2022-09-06 00:00:10', 0, 0, 0, 0, 0, 0, 84, 5),
(438, 'ADMIN', 'ADMIN', '2022-09-06 00:00:10', '2022-09-06 00:00:10', 0, 0, 0, 0, 0, 0, 84, 6),
(439, 'ADMIN', 'ADMIN', '2022-09-06 00:00:10', '2022-09-06 00:00:10', 0, 0, 0, 0, 0, 0, 84, 7),
(440, 'ADMIN', 'ADMIN', '2022-09-06 00:00:10', '2022-09-06 00:00:10', 0, 0, 0, 0, 0, 0, 84, 8),
(441, 'ADMIN', 'ADMIN', '2022-09-06 00:00:10', '2022-09-06 00:00:10', 0, 0, 0, 0, 0, 0, 84, 9),
(442, 'ADMIN', 'ADMIN', '2022-09-06 00:00:10', '2022-09-06 00:00:10', 0, 0, 0, 0, 0, 0, 84, 10),
(443, 'ADMIN', 'ADMIN', '2022-09-06 00:00:10', '2022-09-06 00:00:10', 0, 0, 0, 0, 0, 0, 84, 11),
(444, 'ADMIN', 'ADMIN', '2022-09-06 00:00:10', '2022-09-06 00:00:10', 0, 0, 0, 0, 0, 0, 84, 12),
(445, 'ADMIN', 'ADMIN', '2022-09-06 00:00:10', '2022-09-06 00:00:10', 0, 0, 0, 0, 0, 0, 84, 13),
(446, 'ADMIN', 'ADMIN', '2022-09-06 00:00:10', '2022-09-06 00:00:10', 0, 0, 0, 0, 0, 0, 84, 14),
(447, 'ADMIN', 'ADMIN', '2022-09-06 00:00:10', '2022-09-06 00:00:10', 0, 0, 0, 0, 0, 0, 84, 15),
(448, 'ADMIN', 'ADMIN', '2022-09-06 00:00:10', '2022-09-06 00:00:10', 0, 0, 0, 0, 0, 0, 84, 16),

(449, 'ADMIN', 'ADMIN', '2022-09-06 00:00:10', '2022-09-06 00:00:10', 0, 0, 0, 0, 0, 0, 85, 1),
(450, 'ADMIN', 'ADMIN', '2022-09-06 00:00:10', '2022-09-06 00:00:10', 0, 0, 0, 0, 0, 0, 85, 2),
(451, 'ADMIN', 'ADMIN', '2022-09-06 00:00:10', '2022-09-06 00:00:10', 0, 0, 0, 0, 0, 0, 85, 3),
(452, 'ADMIN', 'ADMIN', '2022-09-06 00:00:10', '2022-09-06 00:00:10', 0, 0, 0, 0, 0, 0, 85, 4),
(453, 'ADMIN', 'ADMIN', '2022-09-06 00:00:10', '2022-09-06 00:00:10', 0, 0, 0, 0, 0, 0, 85, 5),
(454, 'ADMIN', 'ADMIN', '2022-09-06 00:00:10', '2022-09-06 00:00:10', 0, 0, 0, 0, 0, 0, 85, 6),
(455, 'ADMIN', 'ADMIN', '2022-09-06 00:00:10', '2022-09-06 00:00:10', 0, 0, 0, 0, 0, 0, 85, 7),
(456, 'ADMIN', 'ADMIN', '2022-09-06 00:00:10', '2022-09-06 00:00:10', 0, 0, 0, 0, 0, 0, 85, 8),
(457, 'ADMIN', 'ADMIN', '2022-09-06 00:00:10', '2022-09-06 00:00:10', 0, 0, 0, 0, 0, 0, 85, 9),
(458, 'ADMIN', 'ADMIN', '2022-09-06 00:00:10', '2022-09-06 00:00:10', 0, 0, 0, 0, 0, 0, 85, 10),
(459, 'ADMIN', 'ADMIN', '2022-09-06 00:00:10', '2022-09-06 00:00:10', 0, 0, 0, 0, 0, 0, 85, 11),
(460, 'ADMIN', 'ADMIN', '2022-09-06 00:00:10', '2022-09-06 00:00:10', 0, 0, 0, 0, 0, 0, 85, 12),
(461, 'ADMIN', 'ADMIN', '2022-09-06 00:00:10', '2022-09-06 00:00:10', 0, 0, 0, 0, 0, 0, 85, 13),
(462, 'ADMIN', 'ADMIN', '2022-09-06 00:00:10', '2022-09-06 00:00:10', 0, 0, 0, 0, 0, 0, 85, 14),
(463, 'ADMIN', 'ADMIN', '2022-09-06 00:00:10', '2022-09-06 00:00:10', 0, 0, 0, 0, 0, 0, 85, 15),
(464, 'ADMIN', 'ADMIN', '2022-09-06 00:00:10', '2022-09-06 00:00:10', 0, 0, 0, 0, 0, 0, 85, 16),

(465, 'ADMIN', 'ADMIN', '2022-09-06 00:00:10', '2022-09-06 00:00:10', 0, 0, 0, 0, 0, 0, 86, 1),
(466, 'ADMIN', 'ADMIN', '2022-09-06 00:00:10', '2022-09-06 00:00:10', 0, 0, 0, 0, 0, 0, 86, 2),
(467, 'ADMIN', 'ADMIN', '2022-09-06 00:00:10', '2022-09-06 00:00:10', 0, 0, 0, 0, 0, 0, 86, 3),
(468, 'ADMIN', 'ADMIN', '2022-09-06 00:00:10', '2022-09-06 00:00:10', 0, 0, 0, 0, 0, 0, 86, 4),
(469, 'ADMIN', 'ADMIN', '2022-09-06 00:00:10', '2022-09-06 00:00:10', 0, 0, 0, 0, 0, 0, 86, 5),
(470, 'ADMIN', 'ADMIN', '2022-09-06 00:00:10', '2022-09-06 00:00:10', 0, 0, 0, 0, 0, 0, 86, 6),
(471, 'ADMIN', 'ADMIN', '2022-09-06 00:00:10', '2022-09-06 00:00:10', 0, 0, 0, 0, 0, 0, 86, 7),
(472, 'ADMIN', 'ADMIN', '2022-09-06 00:00:10', '2022-09-06 00:00:10', 0, 0, 0, 0, 0, 0, 86, 8),
(473, 'ADMIN', 'ADMIN', '2022-09-06 00:00:10', '2022-09-06 00:00:10', 0, 0, 0, 0, 0, 0, 86, 9),
(474, 'ADMIN', 'ADMIN', '2022-09-06 00:00:10', '2022-09-06 00:00:10', 0, 0, 0, 0, 0, 0, 86, 10),
(475, 'ADMIN', 'ADMIN', '2022-09-06 00:00:10', '2022-09-06 00:00:10', 0, 0, 0, 0, 0, 0, 86, 11),
(476, 'ADMIN', 'ADMIN', '2022-09-06 00:00:10', '2022-09-06 00:00:10', 0, 0, 0, 0, 0, 0, 86, 12),
(477, 'ADMIN', 'ADMIN', '2022-09-06 00:00:10', '2022-09-06 00:00:10', 0, 0, 0, 0, 0, 0, 86, 13),
(478, 'ADMIN', 'ADMIN', '2022-09-06 00:00:10', '2022-09-06 00:00:10', 0, 0, 0, 0, 0, 0, 86, 14),
(479, 'ADMIN', 'ADMIN', '2022-09-06 00:00:10', '2022-09-06 00:00:10', 0, 0, 0, 0, 0, 0, 86, 15),
(480, 'ADMIN', 'ADMIN', '2022-09-06 00:00:10', '2022-09-06 00:00:10', 0, 0, 0, 0, 0, 0, 86, 16),

(481, 'ADMIN', 'ADMIN', '2022-09-06 00:00:10', '2022-09-06 00:00:10', 0, 0, 0, 0, 0, 0, 87, 1),
(482, 'ADMIN', 'ADMIN', '2022-09-06 00:00:10', '2022-09-06 00:00:10', 0, 0, 0, 0, 0, 0, 87, 2),
(483, 'ADMIN', 'ADMIN', '2022-09-06 00:00:10', '2022-09-06 00:00:10', 0, 0, 0, 0, 0, 0, 87, 3),
(484, 'ADMIN', 'ADMIN', '2022-09-06 00:00:10', '2022-09-06 00:00:10', 0, 0, 0, 0, 0, 0, 87, 4),
(485, 'ADMIN', 'ADMIN', '2022-09-06 00:00:10', '2022-09-06 00:00:10', 0, 0, 0, 0, 0, 0, 87, 5),
(486, 'ADMIN', 'ADMIN', '2022-09-06 00:00:10', '2022-09-06 00:00:10', 0, 0, 0, 0, 0, 0, 87, 6),
(487, 'ADMIN', 'ADMIN', '2022-09-06 00:00:10', '2022-09-06 00:00:10', 0, 0, 0, 0, 0, 0, 87, 7),
(488, 'ADMIN', 'ADMIN', '2022-09-06 00:00:10', '2022-09-06 00:00:10', 0, 0, 0, 0, 0, 0, 87, 8),
(489, 'ADMIN', 'ADMIN', '2022-09-06 00:00:10', '2022-09-06 00:00:10', 0, 0, 0, 0, 0, 0, 87, 9),
(490, 'ADMIN', 'ADMIN', '2022-09-06 00:00:10', '2022-09-06 00:00:10', 0, 0, 0, 0, 0, 0, 87, 10),
(491, 'ADMIN', 'ADMIN', '2022-09-06 00:00:10', '2022-09-06 00:00:10', 0, 0, 0, 0, 0, 0, 87, 11),
(492, 'ADMIN', 'ADMIN', '2022-09-06 00:00:10', '2022-09-06 00:00:10', 0, 0, 0, 0, 0, 0, 87, 12),
(493, 'ADMIN', 'ADMIN', '2022-09-06 00:00:10', '2022-09-06 00:00:10', 0, 0, 0, 0, 0, 0, 87, 13),
(494, 'ADMIN', 'ADMIN', '2022-09-06 00:00:10', '2022-09-06 00:00:10', 0, 0, 0, 0, 0, 0, 87, 14),
(495, 'ADMIN', 'ADMIN', '2022-09-06 00:00:10', '2022-09-06 00:00:10', 0, 0, 0, 0, 0, 0, 87, 15),
(496, 'ADMIN', 'ADMIN', '2022-09-06 00:00:10', '2022-09-06 00:00:10', 0, 0, 0, 0, 0, 0, 87, 16),

(497, 'ADMIN', 'ADMIN', '2022-09-06 00:00:10', '2022-09-06 00:00:10', 0, 0, 0, 0, 0, 0, 88, 1),
(498, 'ADMIN', 'ADMIN', '2022-09-06 00:00:10', '2022-09-06 00:00:10', 0, 0, 0, 0, 0, 0, 88, 2),
(499, 'ADMIN', 'ADMIN', '2022-09-06 00:00:10', '2022-09-06 00:00:10', 0, 0, 0, 0, 0, 0, 88, 3),
(500, 'ADMIN', 'ADMIN', '2022-09-06 00:00:10', '2022-09-06 00:00:10', 0, 0, 0, 0, 0, 0, 88, 4),
(501, 'ADMIN', 'ADMIN', '2022-09-06 00:00:10', '2022-09-06 00:00:10', 0, 0, 0, 0, 0, 0, 88, 5),
(502, 'ADMIN', 'ADMIN', '2022-09-06 00:00:10', '2022-09-06 00:00:10', 0, 0, 0, 0, 0, 0, 88, 6),
(503, 'ADMIN', 'ADMIN', '2022-09-06 00:00:10', '2022-09-06 00:00:10', 0, 0, 0, 0, 0, 0, 88, 7),
(504, 'ADMIN', 'ADMIN', '2022-09-06 00:00:10', '2022-09-06 00:00:10', 0, 0, 0, 0, 0, 0, 88, 8),
(505, 'ADMIN', 'ADMIN', '2022-09-06 00:00:10', '2022-09-06 00:00:10', 0, 0, 0, 0, 0, 0, 88, 9),
(506, 'ADMIN', 'ADMIN', '2022-09-06 00:00:10', '2022-09-06 00:00:10', 0, 0, 0, 0, 0, 0, 88, 10),
(507, 'ADMIN', 'ADMIN', '2022-09-06 00:00:10', '2022-09-06 00:00:10', 0, 0, 0, 0, 0, 0, 88, 11),
(508, 'ADMIN', 'ADMIN', '2022-09-06 00:00:10', '2022-09-06 00:00:10', 0, 0, 0, 0, 0, 0, 88, 12),
(509, 'ADMIN', 'ADMIN', '2022-09-06 00:00:10', '2022-09-06 00:00:10', 0, 0, 0, 0, 0, 0, 88, 13),
(510, 'ADMIN', 'ADMIN', '2022-09-06 00:00:10', '2022-09-06 00:00:10', 0, 0, 0, 0, 0, 0, 88, 14),
(511, 'ADMIN', 'ADMIN', '2022-09-06 00:00:10', '2022-09-06 00:00:10', 0, 0, 0, 0, 0, 0, 88, 15),
(512, 'ADMIN', 'ADMIN', '2022-09-06 00:00:10', '2022-09-06 00:00:10', 0, 0, 0, 0, 0, 0, 88, 16),

(513, 'ADMIN', 'ADMIN', '2022-09-06 00:00:10', '2022-09-06 00:00:10', 0, 0, 0, 0, 0, 0, 89, 1),
(514, 'ADMIN', 'ADMIN', '2022-09-06 00:00:10', '2022-09-06 00:00:10', 0, 0, 0, 0, 0, 0, 89, 2),
(515, 'ADMIN', 'ADMIN', '2022-09-06 00:00:10', '2022-09-06 00:00:10', 0, 0, 0, 0, 0, 0, 89, 3),
(516, 'ADMIN', 'ADMIN', '2022-09-06 00:00:10', '2022-09-06 00:00:10', 0, 0, 0, 0, 0, 0, 89, 4),
(517, 'ADMIN', 'ADMIN', '2022-09-06 00:00:10', '2022-09-06 00:00:10', 0, 0, 0, 0, 0, 0, 89, 5),
(518, 'ADMIN', 'ADMIN', '2022-09-06 00:00:10', '2022-09-06 00:00:10', 0, 0, 0, 0, 0, 0, 89, 6),
(519, 'ADMIN', 'ADMIN', '2022-09-06 00:00:10', '2022-09-06 00:00:10', 0, 0, 0, 0, 0, 0, 89, 7),
(520, 'ADMIN', 'ADMIN', '2022-09-06 00:00:10', '2022-09-06 00:00:10', 0, 0, 0, 0, 0, 0, 89, 8),
(521, 'ADMIN', 'ADMIN', '2022-09-06 00:00:10', '2022-09-06 00:00:10', 0, 0, 0, 0, 0, 0, 89, 9),
(522, 'ADMIN', 'ADMIN', '2022-09-06 00:00:10', '2022-09-06 00:00:10', 0, 0, 0, 0, 0, 0, 89, 10),
(523, 'ADMIN', 'ADMIN', '2022-09-06 00:00:10', '2022-09-06 00:00:10', 0, 0, 0, 0, 0, 0, 89, 11),
(524, 'ADMIN', 'ADMIN', '2022-09-06 00:00:10', '2022-09-06 00:00:10', 0, 0, 0, 0, 0, 0, 89, 12),
(525, 'ADMIN', 'ADMIN', '2022-09-06 00:00:10', '2022-09-06 00:00:10', 0, 0, 0, 0, 0, 0, 89, 13),
(526, 'ADMIN', 'ADMIN', '2022-09-06 00:00:10', '2022-09-06 00:00:10', 0, 0, 0, 0, 0, 0, 89, 14),
(527, 'ADMIN', 'ADMIN', '2022-09-06 00:00:10', '2022-09-06 00:00:10', 0, 0, 0, 0, 0, 0, 89, 15),
(528, 'ADMIN', 'ADMIN', '2022-09-06 00:00:10', '2022-09-06 00:00:10', 0, 0, 0, 0, 0, 0, 89, 16),

(529, 'ADMIN', 'ADMIN', '2022-09-06 00:00:10', '2022-09-06 00:00:10', 0, 0, 0, 0, 0, 0, 90, 1),
(530, 'ADMIN', 'ADMIN', '2022-09-06 00:00:10', '2022-09-06 00:00:10', 0, 0, 0, 0, 0, 0, 90, 2),
(531, 'ADMIN', 'ADMIN', '2022-09-06 00:00:10', '2022-09-06 00:00:10', 0, 0, 0, 0, 0, 0, 90, 3),
(532, 'ADMIN', 'ADMIN', '2022-09-06 00:00:10', '2022-09-06 00:00:10', 0, 0, 0, 0, 0, 0, 90, 4),
(533, 'ADMIN', 'ADMIN', '2022-09-06 00:00:10', '2022-09-06 00:00:10', 0, 0, 0, 0, 0, 0, 90, 5),
(534, 'ADMIN', 'ADMIN', '2022-09-06 00:00:10', '2022-09-06 00:00:10', 0, 0, 0, 0, 0, 0, 90, 6),
(535, 'ADMIN', 'ADMIN', '2022-09-06 00:00:10', '2022-09-06 00:00:10', 0, 0, 0, 0, 0, 0, 90, 7),
(536, 'ADMIN', 'ADMIN', '2022-09-06 00:00:10', '2022-09-06 00:00:10', 0, 0, 0, 0, 0, 0, 90, 8),
(537, 'ADMIN', 'ADMIN', '2022-09-06 00:00:10', '2022-09-06 00:00:10', 0, 0, 0, 0, 0, 0, 90, 9),
(538, 'ADMIN', 'ADMIN', '2022-09-06 00:00:10', '2022-09-06 00:00:10', 0, 0, 0, 0, 0, 0, 90, 10),
(539, 'ADMIN', 'ADMIN', '2022-09-06 00:00:10', '2022-09-06 00:00:10', 0, 0, 0, 0, 0, 0, 90, 11),
(540, 'ADMIN', 'ADMIN', '2022-09-06 00:00:10', '2022-09-06 00:00:10', 0, 0, 0, 0, 0, 0, 90, 12),
(541, 'ADMIN', 'ADMIN', '2022-09-06 00:00:10', '2022-09-06 00:00:10', 0, 0, 0, 0, 0, 0, 90, 13),
(542, 'ADMIN', 'ADMIN', '2022-09-06 00:00:10', '2022-09-06 00:00:10', 0, 0, 0, 0, 0, 0, 90, 14),
(543, 'ADMIN', 'ADMIN', '2022-09-06 00:00:10', '2022-09-06 00:00:10', 0, 0, 0, 0, 0, 0, 90, 15),
(544, 'ADMIN', 'ADMIN', '2022-09-06 00:00:10', '2022-09-06 00:00:10', 0, 0, 0, 0, 0, 0, 90, 16),

(545, 'ADMIN', 'ADMIN', '2022-09-06 00:00:10', '2022-09-06 00:00:10', 0, 0, 0, 0, 0, 0, 91, 1),
(546, 'ADMIN', 'ADMIN', '2022-09-06 00:00:10', '2022-09-06 00:00:10', 0, 0, 0, 0, 0, 0, 91, 2),
(547, 'ADMIN', 'ADMIN', '2022-09-06 00:00:10', '2022-09-06 00:00:10', 0, 0, 0, 0, 0, 0, 91, 3),
(548, 'ADMIN', 'ADMIN', '2022-09-06 00:00:10', '2022-09-06 00:00:10', 0, 0, 0, 0, 0, 0, 91, 4),
(549, 'ADMIN', 'ADMIN', '2022-09-06 00:00:10', '2022-09-06 00:00:10', 0, 0, 0, 0, 0, 0, 91, 5),
(550, 'ADMIN', 'ADMIN', '2022-09-06 00:00:10', '2022-09-06 00:00:10', 0, 0, 0, 0, 0, 0, 91, 6),
(551, 'ADMIN', 'ADMIN', '2022-09-06 00:00:10', '2022-09-06 00:00:10', 0, 0, 0, 0, 0, 0, 91, 7),
(552, 'ADMIN', 'ADMIN', '2022-09-06 00:00:10', '2022-09-06 00:00:10', 0, 0, 0, 0, 0, 0, 91, 8),
(553, 'ADMIN', 'ADMIN', '2022-09-06 00:00:10', '2022-09-06 00:00:10', 0, 0, 0, 0, 0, 0, 91, 9),
(554, 'ADMIN', 'ADMIN', '2022-09-06 00:00:10', '2022-09-06 00:00:10', 0, 0, 0, 0, 0, 0, 91, 10),
(555, 'ADMIN', 'ADMIN', '2022-09-06 00:00:10', '2022-09-06 00:00:10', 0, 0, 0, 0, 0, 0, 91, 11),
(556, 'ADMIN', 'ADMIN', '2022-09-06 00:00:10', '2022-09-06 00:00:10', 0, 0, 0, 0, 0, 0, 91, 12),
(557, 'ADMIN', 'ADMIN', '2022-09-06 00:00:10', '2022-09-06 00:00:10', 0, 0, 0, 0, 0, 0, 91, 13),
(558, 'ADMIN', 'ADMIN', '2022-09-06 00:00:10', '2022-09-06 00:00:10', 0, 0, 0, 0, 0, 0, 91, 14),
(559, 'ADMIN', 'ADMIN', '2022-09-06 00:00:10', '2022-09-06 00:00:10', 0, 0, 0, 0, 0, 0, 91, 15),
(560, 'ADMIN', 'ADMIN', '2022-09-06 00:00:10', '2022-09-06 00:00:10', 0, 0, 0, 0, 0, 0, 91, 16),

(561, 'ADMIN', 'ADMIN', '2022-09-06 00:00:10', '2022-09-06 00:00:10', 0, 0, 0, 0, 0, 0, 92, 1),
(562, 'ADMIN', 'ADMIN', '2022-09-06 00:00:10', '2022-09-06 00:00:10', 0, 0, 0, 0, 0, 0, 92, 2),
(563, 'ADMIN', 'ADMIN', '2022-09-06 00:00:10', '2022-09-06 00:00:10', 0, 0, 0, 0, 0, 0, 92, 3),
(564, 'ADMIN', 'ADMIN', '2022-09-06 00:00:10', '2022-09-06 00:00:10', 0, 0, 0, 0, 0, 0, 92, 4),
(565, 'ADMIN', 'ADMIN', '2022-09-06 00:00:10', '2022-09-06 00:00:10', 0, 0, 0, 0, 0, 0, 92, 5),
(566, 'ADMIN', 'ADMIN', '2022-09-06 00:00:10', '2022-09-06 00:00:10', 0, 0, 0, 0, 0, 0, 92, 6),
(567, 'ADMIN', 'ADMIN', '2022-09-06 00:00:10', '2022-09-06 00:00:10', 0, 0, 0, 0, 0, 0, 92, 7),
(568, 'ADMIN', 'ADMIN', '2022-09-06 00:00:10', '2022-09-06 00:00:10', 0, 0, 0, 0, 0, 0, 92, 8),
(569, 'ADMIN', 'ADMIN', '2022-09-06 00:00:10', '2022-09-06 00:00:10', 0, 0, 0, 0, 0, 0, 92, 9),
(570, 'ADMIN', 'ADMIN', '2022-09-06 00:00:10', '2022-09-06 00:00:10', 0, 0, 0, 0, 0, 0, 92, 10),
(571, 'ADMIN', 'ADMIN', '2022-09-06 00:00:10', '2022-09-06 00:00:10', 0, 0, 0, 0, 0, 0, 92, 11),
(572, 'ADMIN', 'ADMIN', '2022-09-06 00:00:10', '2022-09-06 00:00:10', 0, 0, 0, 0, 0, 0, 92, 12),
(573, 'ADMIN', 'ADMIN', '2022-09-06 00:00:10', '2022-09-06 00:00:10', 0, 0, 0, 0, 0, 0, 92, 13),
(574, 'ADMIN', 'ADMIN', '2022-09-06 00:00:10', '2022-09-06 00:00:10', 0, 0, 0, 0, 0, 0, 92, 14),
(575, 'ADMIN', 'ADMIN', '2022-09-06 00:00:10', '2022-09-06 00:00:10', 0, 0, 0, 0, 0, 0, 92, 15),
(576, 'ADMIN', 'ADMIN', '2022-09-06 00:00:10', '2022-09-06 00:00:10', 0, 0, 0, 0, 0, 0, 92, 16),

(577, 'ADMIN', 'ADMIN', '2022-09-06 00:00:10', '2022-09-06 00:00:10', 0, 0, 0, 0, 0, 0, 93, 1),
(578, 'ADMIN', 'ADMIN', '2022-09-06 00:00:10', '2022-09-06 00:00:10', 0, 0, 0, 0, 0, 0, 93, 2),
(579, 'ADMIN', 'ADMIN', '2022-09-06 00:00:10', '2022-09-06 00:00:10', 0, 0, 0, 0, 0, 0, 93, 3),
(580, 'ADMIN', 'ADMIN', '2022-09-06 00:00:10', '2022-09-06 00:00:10', 0, 0, 0, 0, 0, 0, 93, 4),
(581, 'ADMIN', 'ADMIN', '2022-09-06 00:00:10', '2022-09-06 00:00:10', 0, 0, 0, 0, 0, 0, 93, 5),
(582, 'ADMIN', 'ADMIN', '2022-09-06 00:00:10', '2022-09-06 00:00:10', 0, 0, 0, 0, 0, 0, 93, 6),
(583, 'ADMIN', 'ADMIN', '2022-09-06 00:00:10', '2022-09-06 00:00:10', 0, 0, 0, 0, 0, 0, 93, 7),
(584, 'ADMIN', 'ADMIN', '2022-09-06 00:00:10', '2022-09-06 00:00:10', 0, 0, 0, 0, 0, 0, 93, 8),
(585, 'ADMIN', 'ADMIN', '2022-09-06 00:00:10', '2022-09-06 00:00:10', 0, 0, 0, 0, 0, 0, 93, 9),
(586, 'ADMIN', 'ADMIN', '2022-09-06 00:00:10', '2022-09-06 00:00:10', 0, 0, 0, 0, 0, 0, 93, 10),
(587, 'ADMIN', 'ADMIN', '2022-09-06 00:00:10', '2022-09-06 00:00:10', 0, 0, 0, 0, 0, 0, 93, 11),
(588, 'ADMIN', 'ADMIN', '2022-09-06 00:00:10', '2022-09-06 00:00:10', 0, 0, 0, 0, 0, 0, 93, 12),
(589, 'ADMIN', 'ADMIN', '2022-09-06 00:00:10', '2022-09-06 00:00:10', 0, 0, 0, 0, 0, 0, 93, 13),
(590, 'ADMIN', 'ADMIN', '2022-09-06 00:00:10', '2022-09-06 00:00:10', 0, 0, 0, 0, 0, 0, 93, 14),
(591, 'ADMIN', 'ADMIN', '2022-09-06 00:00:10', '2022-09-06 00:00:10', 0, 0, 0, 0, 0, 0, 93, 15),
(592, 'ADMIN', 'ADMIN', '2022-09-06 00:00:10', '2022-09-06 00:00:10', 0, 0, 0, 0, 0, 0, 93, 16),

(593, 'ADMIN', 'ADMIN', '2022-09-06 00:00:10', '2022-09-06 00:00:10', 0, 0, 0, 0, 0, 0, 94, 1),
(594, 'ADMIN', 'ADMIN', '2022-09-06 00:00:10', '2022-09-06 00:00:10', 0, 0, 0, 0, 0, 0, 94, 2),
(595, 'ADMIN', 'ADMIN', '2022-09-06 00:00:10', '2022-09-06 00:00:10', 0, 0, 0, 0, 0, 0, 94, 3),
(596, 'ADMIN', 'ADMIN', '2022-09-06 00:00:10', '2022-09-06 00:00:10', 0, 0, 0, 0, 0, 0, 94, 4),
(597, 'ADMIN', 'ADMIN', '2022-09-06 00:00:10', '2022-09-06 00:00:10', 0, 0, 0, 0, 0, 0, 94, 5),
(598, 'ADMIN', 'ADMIN', '2022-09-06 00:00:10', '2022-09-06 00:00:10', 0, 0, 0, 0, 0, 0, 94, 6),
(599, 'ADMIN', 'ADMIN', '2022-09-06 00:00:10', '2022-09-06 00:00:10', 0, 0, 0, 0, 0, 0, 94, 7),
(600, 'ADMIN', 'ADMIN', '2022-09-06 00:00:10', '2022-09-06 00:00:10', 0, 0, 0, 0, 0, 0, 94, 8),
(601, 'ADMIN', 'ADMIN', '2022-09-06 00:00:10', '2022-09-06 00:00:10', 0, 0, 0, 0, 0, 0, 94, 9),
(602, 'ADMIN', 'ADMIN', '2022-09-06 00:00:10', '2022-09-06 00:00:10', 0, 0, 0, 0, 0, 0, 94, 10),
(603, 'ADMIN', 'ADMIN', '2022-09-06 00:00:10', '2022-09-06 00:00:10', 0, 0, 0, 0, 0, 0, 94, 11),
(604, 'ADMIN', 'ADMIN', '2022-09-06 00:00:10', '2022-09-06 00:00:10', 0, 0, 0, 0, 0, 0, 94, 12),
(605, 'ADMIN', 'ADMIN', '2022-09-06 00:00:10', '2022-09-06 00:00:10', 0, 0, 0, 0, 0, 0, 94, 13),
(606, 'ADMIN', 'ADMIN', '2022-09-06 00:00:10', '2022-09-06 00:00:10', 0, 0, 0, 0, 0, 0, 94, 14),
(607, 'ADMIN', 'ADMIN', '2022-09-06 00:00:10', '2022-09-06 00:00:10', 0, 0, 0, 0, 0, 0, 94, 15),
(608, 'ADMIN', 'ADMIN', '2022-09-06 00:00:10', '2022-09-06 00:00:10', 0, 0, 0, 0, 0, 0, 94, 16),

(609, 'ADMIN', 'ADMIN', '2022-09-06 00:00:10', '2022-09-06 00:00:10', 0, 0, 0, 0, 0, 0, 95, 1),
(610, 'ADMIN', 'ADMIN', '2022-09-06 00:00:10', '2022-09-06 00:00:10', 0, 0, 0, 0, 0, 0, 95, 2),
(611, 'ADMIN', 'ADMIN', '2022-09-06 00:00:10', '2022-09-06 00:00:10', 0, 0, 0, 0, 0, 0, 95, 3),
(612, 'ADMIN', 'ADMIN', '2022-09-06 00:00:10', '2022-09-06 00:00:10', 0, 0, 0, 0, 0, 0, 95, 4),
(613, 'ADMIN', 'ADMIN', '2022-09-06 00:00:10', '2022-09-06 00:00:10', 0, 0, 0, 0, 0, 0, 95, 5),
(614, 'ADMIN', 'ADMIN', '2022-09-06 00:00:10', '2022-09-06 00:00:10', 0, 0, 0, 0, 0, 0, 95, 6),
(615, 'ADMIN', 'ADMIN', '2022-09-06 00:00:10', '2022-09-06 00:00:10', 0, 0, 0, 0, 0, 0, 95, 7),
(616, 'ADMIN', 'ADMIN', '2022-09-06 00:00:10', '2022-09-06 00:00:10', 0, 0, 0, 0, 0, 0, 95, 8),
(617, 'ADMIN', 'ADMIN', '2022-09-06 00:00:10', '2022-09-06 00:00:10', 0, 0, 0, 0, 0, 0, 95, 9),
(618, 'ADMIN', 'ADMIN', '2022-09-06 00:00:10', '2022-09-06 00:00:10', 0, 0, 0, 0, 0, 0, 95, 10),
(619, 'ADMIN', 'ADMIN', '2022-09-06 00:00:10', '2022-09-06 00:00:10', 0, 0, 0, 0, 0, 0, 95, 11),
(620, 'ADMIN', 'ADMIN', '2022-09-06 00:00:10', '2022-09-06 00:00:10', 0, 0, 0, 0, 0, 0, 95, 12),
(621, 'ADMIN', 'ADMIN', '2022-09-06 00:00:10', '2022-09-06 00:00:10', 0, 0, 0, 0, 0, 0, 95, 13),
(622, 'ADMIN', 'ADMIN', '2022-09-06 00:00:10', '2022-09-06 00:00:10', 0, 0, 0, 0, 0, 0, 95, 14),
(623, 'ADMIN', 'ADMIN', '2022-09-06 00:00:10', '2022-09-06 00:00:10', 0, 0, 0, 0, 0, 0, 95, 15),
(624, 'ADMIN', 'ADMIN', '2022-09-06 00:00:10', '2022-09-06 00:00:10', 0, 0, 0, 0, 0, 0, 95, 16),

(631, 'ADMIN', 'ADMIN', '2022-09-06 00:00:10', '2022-09-06 00:00:10', 0, 0, 0, 0, 0, 0, 96, 1),
(632, 'ADMIN', 'ADMIN', '2022-09-06 00:00:10', '2022-09-06 00:00:10', 0, 0, 0, 0, 0, 0, 96, 2),
(633, 'ADMIN', 'ADMIN', '2022-09-06 00:00:10', '2022-09-06 00:00:10', 0, 0, 0, 0, 0, 0, 96, 3),
(634, 'ADMIN', 'ADMIN', '2022-09-06 00:00:10', '2022-09-06 00:00:10', 0, 0, 0, 0, 0, 0, 96, 4),
(635, 'ADMIN', 'ADMIN', '2022-09-06 00:00:10', '2022-09-06 00:00:10', 0, 0, 0, 0, 0, 0, 96, 5),
(636, 'ADMIN', 'ADMIN', '2022-09-06 00:00:10', '2022-09-06 00:00:10', 0, 0, 0, 0, 0, 0, 96, 6),
(637, 'ADMIN', 'ADMIN', '2022-09-06 00:00:10', '2022-09-06 00:00:10', 0, 0, 0, 0, 0, 0, 96, 7),
(638, 'ADMIN', 'ADMIN', '2022-09-06 00:00:10', '2022-09-06 00:00:10', 0, 0, 0, 0, 0, 0, 96, 8),
(639, 'ADMIN', 'ADMIN', '2022-09-06 00:00:10', '2022-09-06 00:00:10', 0, 0, 0, 0, 0, 0, 96, 9),
(640, 'ADMIN', 'ADMIN', '2022-09-06 00:00:10', '2022-09-06 00:00:10', 0, 0, 0, 0, 0, 0, 96, 10),
(641, 'ADMIN', 'ADMIN', '2022-09-06 00:00:10', '2022-09-06 00:00:10', 0, 0, 0, 0, 0, 0, 96, 11),
(642, 'ADMIN', 'ADMIN', '2022-09-06 00:00:10', '2022-09-06 00:00:10', 0, 0, 0, 0, 0, 0, 96, 12),
(643, 'ADMIN', 'ADMIN', '2022-09-06 00:00:10', '2022-09-06 00:00:10', 0, 0, 0, 0, 0, 0, 96, 13),
(644, 'ADMIN', 'ADMIN', '2022-09-06 00:00:10', '2022-09-06 00:00:10', 0, 0, 0, 0, 0, 0, 96, 14),
(645, 'ADMIN', 'ADMIN', '2022-09-06 00:00:10', '2022-09-06 00:00:10', 0, 0, 0, 0, 0, 0, 96, 15),
(646, 'ADMIN', 'ADMIN', '2022-09-06 00:00:10', '2022-09-06 00:00:10', 0, 0, 0, 0, 0, 0, 96, 16),

(647, 'ADMIN', 'ADMIN', '2022-09-06 00:00:10', '2022-09-06 00:00:10', 0, 0, 0, 0, 0, 0, 97, 1),
(648, 'ADMIN', 'ADMIN', '2022-09-06 00:00:10', '2022-09-06 00:00:10', 0, 0, 0, 0, 0, 0, 97, 2),
(649, 'ADMIN', 'ADMIN', '2022-09-06 00:00:10', '2022-09-06 00:00:10', 0, 0, 0, 0, 0, 0, 97, 3),
(650, 'ADMIN', 'ADMIN', '2022-09-06 00:00:10', '2022-09-06 00:00:10', 0, 0, 0, 0, 0, 0, 97, 4),
(651, 'ADMIN', 'ADMIN', '2022-09-06 00:00:10', '2022-09-06 00:00:10', 0, 0, 0, 0, 0, 0, 97, 5),
(652, 'ADMIN', 'ADMIN', '2022-09-06 00:00:10', '2022-09-06 00:00:10', 0, 0, 0, 0, 0, 0, 97, 6),
(653, 'ADMIN', 'ADMIN', '2022-09-06 00:00:10', '2022-09-06 00:00:10', 0, 0, 0, 0, 0, 0, 97, 7),
(654, 'ADMIN', 'ADMIN', '2022-09-06 00:00:10', '2022-09-06 00:00:10', 0, 0, 0, 0, 0, 0, 97, 8),
(655, 'ADMIN', 'ADMIN', '2022-09-06 00:00:10', '2022-09-06 00:00:10', 0, 0, 0, 0, 0, 0, 97, 9),
(656, 'ADMIN', 'ADMIN', '2022-09-06 00:00:10', '2022-09-06 00:00:10', 0, 0, 0, 0, 0, 0, 97, 10),
(657, 'ADMIN', 'ADMIN', '2022-09-06 00:00:10', '2022-09-06 00:00:10', 0, 0, 0, 0, 0, 0, 97, 11),
(658, 'ADMIN', 'ADMIN', '2022-09-06 00:00:10', '2022-09-06 00:00:10', 0, 0, 0, 0, 0, 0, 97, 12),
(659, 'ADMIN', 'ADMIN', '2022-09-06 00:00:10', '2022-09-06 00:00:10', 0, 0, 0, 0, 0, 0, 97, 13),
(660, 'ADMIN', 'ADMIN', '2022-09-06 00:00:10', '2022-09-06 00:00:10', 0, 0, 0, 0, 0, 0, 97, 14),
(661, 'ADMIN', 'ADMIN', '2022-09-06 00:00:10', '2022-09-06 00:00:10', 0, 0, 0, 0, 0, 0, 97, 15),
(662, 'ADMIN', 'ADMIN', '2022-09-06 00:00:10', '2022-09-06 00:00:10', 0, 0, 0, 0, 0, 0, 97, 16),

(663, 'ADMIN', 'ADMIN', '2022-09-06 00:00:10', '2022-09-06 00:00:10', 0, 0, 0, 0, 0, 0, 98, 1),
(664, 'ADMIN', 'ADMIN', '2022-09-06 00:00:10', '2022-09-06 00:00:10', 0, 0, 0, 0, 0, 0, 98, 2),
(665, 'ADMIN', 'ADMIN', '2022-09-06 00:00:10', '2022-09-06 00:00:10', 0, 0, 0, 0, 0, 0, 98, 3),
(666, 'ADMIN', 'ADMIN', '2022-09-06 00:00:10', '2022-09-06 00:00:10', 0, 0, 0, 0, 0, 0, 98, 4),
(667, 'ADMIN', 'ADMIN', '2022-09-06 00:00:10', '2022-09-06 00:00:10', 0, 0, 0, 0, 0, 0, 98, 5),
(668, 'ADMIN', 'ADMIN', '2022-09-06 00:00:10', '2022-09-06 00:00:10', 0, 0, 0, 0, 0, 0, 98, 6),
(669, 'ADMIN', 'ADMIN', '2022-09-06 00:00:10', '2022-09-06 00:00:10', 0, 0, 0, 0, 0, 0, 98, 7),
(670, 'ADMIN', 'ADMIN', '2022-09-06 00:00:10', '2022-09-06 00:00:10', 0, 0, 0, 0, 0, 0, 98, 8),
(671, 'ADMIN', 'ADMIN', '2022-09-06 00:00:10', '2022-09-06 00:00:10', 0, 0, 0, 0, 0, 0, 98, 9),
(672, 'ADMIN', 'ADMIN', '2022-09-06 00:00:10', '2022-09-06 00:00:10', 0, 0, 0, 0, 0, 0, 98, 10),
(673, 'ADMIN', 'ADMIN', '2022-09-06 00:00:10', '2022-09-06 00:00:10', 0, 0, 0, 0, 0, 0, 98, 11),
(674, 'ADMIN', 'ADMIN', '2022-09-06 00:00:10', '2022-09-06 00:00:10', 0, 0, 0, 0, 0, 0, 98, 12),
(675, 'ADMIN', 'ADMIN', '2022-09-06 00:00:10', '2022-09-06 00:00:10', 0, 0, 0, 0, 0, 0, 98, 13),
(676, 'ADMIN', 'ADMIN', '2022-09-06 00:00:10', '2022-09-06 00:00:10', 0, 0, 0, 0, 0, 0, 98, 14),
(677, 'ADMIN', 'ADMIN', '2022-09-06 00:00:10', '2022-09-06 00:00:10', 0, 0, 0, 0, 0, 0, 98, 15),
(678, 'ADMIN', 'ADMIN', '2022-09-06 00:00:10', '2022-09-06 00:00:10', 0, 0, 0, 0, 0, 0, 98, 16),

(679, 'ADMIN', 'ADMIN', '2022-09-06 00:00:10', '2022-09-06 00:00:10', 0, 0, 0, 0, 0, 0, 99, 1),
(680, 'ADMIN', 'ADMIN', '2022-09-06 00:00:10', '2022-09-06 00:00:10', 0, 0, 0, 0, 0, 0, 99, 2),
(681, 'ADMIN', 'ADMIN', '2022-09-06 00:00:10', '2022-09-06 00:00:10', 0, 0, 0, 0, 0, 0, 99, 3),
(682, 'ADMIN', 'ADMIN', '2022-09-06 00:00:10', '2022-09-06 00:00:10', 0, 0, 0, 0, 0, 0, 99, 4),
(683, 'ADMIN', 'ADMIN', '2022-09-06 00:00:10', '2022-09-06 00:00:10', 0, 0, 0, 0, 0, 0, 99, 5),
(684, 'ADMIN', 'ADMIN', '2022-09-06 00:00:10', '2022-09-06 00:00:10', 0, 0, 0, 0, 0, 0, 99, 6),
(685, 'ADMIN', 'ADMIN', '2022-09-06 00:00:10', '2022-09-06 00:00:10', 0, 0, 0, 0, 0, 0, 99, 7),
(686, 'ADMIN', 'ADMIN', '2022-09-06 00:00:10', '2022-09-06 00:00:10', 0, 0, 0, 0, 0, 0, 99, 8),
(687, 'ADMIN', 'ADMIN', '2022-09-06 00:00:10', '2022-09-06 00:00:10', 0, 0, 0, 0, 0, 0, 99, 9),
(688, 'ADMIN', 'ADMIN', '2022-09-06 00:00:10', '2022-09-06 00:00:10', 0, 0, 0, 0, 0, 0, 99, 10),
(689, 'ADMIN', 'ADMIN', '2022-09-06 00:00:10', '2022-09-06 00:00:10', 0, 0, 0, 0, 0, 0, 99, 11),
(690, 'ADMIN', 'ADMIN', '2022-09-06 00:00:10', '2022-09-06 00:00:10', 0, 0, 0, 0, 0, 0, 99, 12),
(691, 'ADMIN', 'ADMIN', '2022-09-06 00:00:10', '2022-09-06 00:00:10', 0, 0, 0, 0, 0, 0, 99, 13),
(692, 'ADMIN', 'ADMIN', '2022-09-06 00:00:10', '2022-09-06 00:00:10', 0, 0, 0, 0, 0, 0, 99, 14),
(693, 'ADMIN', 'ADMIN', '2022-09-06 00:00:10', '2022-09-06 00:00:10', 0, 0, 0, 0, 0, 0, 99, 15),
(694, 'ADMIN', 'ADMIN', '2022-09-06 00:00:10', '2022-09-06 00:00:10', 0, 0, 0, 0, 0, 0, 99, 16),

(695, 'ADMIN', 'ADMIN', '2022-09-06 00:00:10', '2022-09-06 00:00:10', 0, 0, 0, 0, 0, 0, 100, 1),
(696, 'ADMIN', 'ADMIN', '2022-09-06 00:00:10', '2022-09-06 00:00:10', 0, 0, 0, 0, 0, 0, 100, 2),
(697, 'ADMIN', 'ADMIN', '2022-09-06 00:00:10', '2022-09-06 00:00:10', 0, 0, 0, 0, 0, 0, 100, 3),
(698, 'ADMIN', 'ADMIN', '2022-09-06 00:00:10', '2022-09-06 00:00:10', 0, 0, 0, 0, 0, 0, 100, 4),
(699, 'ADMIN', 'ADMIN', '2022-09-06 00:00:10', '2022-09-06 00:00:10', 0, 0, 0, 0, 0, 0, 100, 5),
(700, 'ADMIN', 'ADMIN', '2022-09-06 00:00:10', '2022-09-06 00:00:10', 0, 0, 0, 0, 0, 0, 100, 6),
(701, 'ADMIN', 'ADMIN', '2022-09-06 00:00:10', '2022-09-06 00:00:10', 0, 0, 0, 0, 0, 0, 100, 7),
(702, 'ADMIN', 'ADMIN', '2022-09-06 00:00:10', '2022-09-06 00:00:10', 0, 0, 0, 0, 0, 0, 100, 8),
(703, 'ADMIN', 'ADMIN', '2022-09-06 00:00:10', '2022-09-06 00:00:10', 0, 0, 0, 0, 0, 0, 100, 9),
(704, 'ADMIN', 'ADMIN', '2022-09-06 00:00:10', '2022-09-06 00:00:10', 0, 0, 0, 0, 0, 0, 100, 10),
(705, 'ADMIN', 'ADMIN', '2022-09-06 00:00:10', '2022-09-06 00:00:10', 0, 0, 0, 0, 0, 0, 100, 11),
(706, 'ADMIN', 'ADMIN', '2022-09-06 00:00:10', '2022-09-06 00:00:10', 0, 0, 0, 0, 0, 0, 100, 12),
(707, 'ADMIN', 'ADMIN', '2022-09-06 00:00:10', '2022-09-06 00:00:10', 0, 0, 0, 0, 0, 0, 100, 13),
(708, 'ADMIN', 'ADMIN', '2022-09-06 00:00:10', '2022-09-06 00:00:10', 0, 0, 0, 0, 0, 0, 100, 14),
(709, 'ADMIN', 'ADMIN', '2022-09-06 00:00:10', '2022-09-06 00:00:10', 0, 0, 0, 0, 0, 0, 100, 15),
(710, 'ADMIN', 'ADMIN', '2022-09-06 00:00:10', '2022-09-06 00:00:10', 0, 0, 0, 0, 0, 0, 100, 16),

(711, 'ADMIN', 'ADMIN', '2022-09-06 00:00:10', '2022-09-06 00:00:10', 0, 0, 0, 0, 0, 0, 101, 1),
(712, 'ADMIN', 'ADMIN', '2022-09-06 00:00:10', '2022-09-06 00:00:10', 0, 0, 0, 0, 0, 0, 101, 2),
(713, 'ADMIN', 'ADMIN', '2022-09-06 00:00:10', '2022-09-06 00:00:10', 0, 0, 0, 0, 0, 0, 101, 3),
(714, 'ADMIN', 'ADMIN', '2022-09-06 00:00:10', '2022-09-06 00:00:10', 0, 0, 0, 0, 0, 0, 101, 4),
(715, 'ADMIN', 'ADMIN', '2022-09-06 00:00:10', '2022-09-06 00:00:10', 0, 0, 0, 0, 0, 0, 101, 5),
(716, 'ADMIN', 'ADMIN', '2022-09-06 00:00:10', '2022-09-06 00:00:10', 0, 0, 0, 0, 0, 0, 101, 6),
(717, 'ADMIN', 'ADMIN', '2022-09-06 00:00:10', '2022-09-06 00:00:10', 0, 0, 0, 0, 0, 0, 101, 7),
(718, 'ADMIN', 'ADMIN', '2022-09-06 00:00:10', '2022-09-06 00:00:10', 0, 0, 0, 0, 0, 0, 101, 8),
(719, 'ADMIN', 'ADMIN', '2022-09-06 00:00:10', '2022-09-06 00:00:10', 0, 0, 0, 0, 0, 0, 101, 9),
(720, 'ADMIN', 'ADMIN', '2022-09-06 00:00:10', '2022-09-06 00:00:10', 0, 0, 0, 0, 0, 0, 101, 10),
(721, 'ADMIN', 'ADMIN', '2022-09-06 00:00:10', '2022-09-06 00:00:10', 0, 0, 0, 0, 0, 0, 101, 11),
(722, 'ADMIN', 'ADMIN', '2022-09-06 00:00:10', '2022-09-06 00:00:10', 0, 0, 0, 0, 0, 0, 101, 12),
(723, 'ADMIN', 'ADMIN', '2022-09-06 00:00:10', '2022-09-06 00:00:10', 0, 0, 0, 0, 0, 0, 101, 13),
(724, 'ADMIN', 'ADMIN', '2022-09-06 00:00:10', '2022-09-06 00:00:10', 0, 0, 0, 0, 0, 0, 101, 14),
(725, 'ADMIN', 'ADMIN', '2022-09-06 00:00:10', '2022-09-06 00:00:10', 0, 0, 0, 0, 0, 0, 101, 15),
(726, 'ADMIN', 'ADMIN', '2022-09-06 00:00:10', '2022-09-06 00:00:10', 0, 0, 0, 0, 0, 0, 101, 16),

(727, 'ADMIN', 'ADMIN', '2022-09-06 00:00:10', '2022-09-06 00:00:10', 0, 0, 0, 0, 0, 0, 102, 1),
(728, 'ADMIN', 'ADMIN', '2022-09-06 00:00:10', '2022-09-06 00:00:10', 0, 0, 0, 0, 0, 0, 102, 2),
(729, 'ADMIN', 'ADMIN', '2022-09-06 00:00:10', '2022-09-06 00:00:10', 0, 0, 0, 0, 0, 0, 102, 3),
(730, 'ADMIN', 'ADMIN', '2022-09-06 00:00:10', '2022-09-06 00:00:10', 0, 0, 0, 0, 0, 0, 102, 4),
(731, 'ADMIN', 'ADMIN', '2022-09-06 00:00:10', '2022-09-06 00:00:10', 0, 0, 0, 0, 0, 0, 102, 5),
(732, 'ADMIN', 'ADMIN', '2022-09-06 00:00:10', '2022-09-06 00:00:10', 0, 0, 0, 0, 0, 0, 102, 6),
(733, 'ADMIN', 'ADMIN', '2022-09-06 00:00:10', '2022-09-06 00:00:10', 0, 0, 0, 0, 0, 0, 102, 7),
(734, 'ADMIN', 'ADMIN', '2022-09-06 00:00:10', '2022-09-06 00:00:10', 0, 0, 0, 0, 0, 0, 102, 8),
(735, 'ADMIN', 'ADMIN', '2022-09-06 00:00:10', '2022-09-06 00:00:10', 0, 0, 0, 0, 0, 0, 102, 9),
(736, 'ADMIN', 'ADMIN', '2022-09-06 00:00:10', '2022-09-06 00:00:10', 0, 0, 0, 0, 0, 0, 102, 10),
(737, 'ADMIN', 'ADMIN', '2022-09-06 00:00:10', '2022-09-06 00:00:10', 0, 0, 0, 0, 0, 0, 102, 11),
(738, 'ADMIN', 'ADMIN', '2022-09-06 00:00:10', '2022-09-06 00:00:10', 0, 0, 0, 0, 0, 0, 102, 12),
(739, 'ADMIN', 'ADMIN', '2022-09-06 00:00:10', '2022-09-06 00:00:10', 0, 0, 0, 0, 0, 0, 102, 13),
(740, 'ADMIN', 'ADMIN', '2022-09-06 00:00:10', '2022-09-06 00:00:10', 0, 0, 0, 0, 0, 0, 102, 14),
(741, 'ADMIN', 'ADMIN', '2022-09-06 00:00:10', '2022-09-06 00:00:10', 0, 0, 0, 0, 0, 0, 102, 15),
(742, 'ADMIN', 'ADMIN', '2022-09-06 00:00:10', '2022-09-06 00:00:10', 0, 0, 0, 0, 0, 0, 102, 16),

(743, 'ADMIN', 'ADMIN', '2022-09-06 00:00:10', '2022-09-06 00:00:10', 0, 0, 0, 0, 0, 0, 103, 1),
(744, 'ADMIN', 'ADMIN', '2022-09-06 00:00:10', '2022-09-06 00:00:10', 0, 0, 0, 0, 0, 0, 103, 2),
(745, 'ADMIN', 'ADMIN', '2022-09-06 00:00:10', '2022-09-06 00:00:10', 0, 0, 0, 0, 0, 0, 103, 3),
(746, 'ADMIN', 'ADMIN', '2022-09-06 00:00:10', '2022-09-06 00:00:10', 0, 0, 0, 0, 0, 0, 103, 4),
(747, 'ADMIN', 'ADMIN', '2022-09-06 00:00:10', '2022-09-06 00:00:10', 0, 0, 0, 0, 0, 0, 103, 5),
(748, 'ADMIN', 'ADMIN', '2022-09-06 00:00:10', '2022-09-06 00:00:10', 0, 0, 0, 0, 0, 0, 103, 6),
(749, 'ADMIN', 'ADMIN', '2022-09-06 00:00:10', '2022-09-06 00:00:10', 0, 0, 0, 0, 0, 0, 103, 7),
(750, 'ADMIN', 'ADMIN', '2022-09-06 00:00:10', '2022-09-06 00:00:10', 0, 0, 0, 0, 0, 0, 103, 8),
(751, 'ADMIN', 'ADMIN', '2022-09-06 00:00:10', '2022-09-06 00:00:10', 0, 0, 0, 0, 0, 0, 103, 9),
(752, 'ADMIN', 'ADMIN', '2022-09-06 00:00:10', '2022-09-06 00:00:10', 0, 0, 0, 0, 0, 0, 103, 10),
(753, 'ADMIN', 'ADMIN', '2022-09-06 00:00:10', '2022-09-06 00:00:10', 0, 0, 0, 0, 0, 0, 103, 11),
(754, 'ADMIN', 'ADMIN', '2022-09-06 00:00:10', '2022-09-06 00:00:10', 0, 0, 0, 0, 0, 0, 103, 12),
(755, 'ADMIN', 'ADMIN', '2022-09-06 00:00:10', '2022-09-06 00:00:10', 0, 0, 0, 0, 0, 0, 103, 13),
(756, 'ADMIN', 'ADMIN', '2022-09-06 00:00:10', '2022-09-06 00:00:10', 0, 0, 0, 0, 0, 0, 103, 14),
(757, 'ADMIN', 'ADMIN', '2022-09-06 00:00:10', '2022-09-06 00:00:10', 0, 0, 0, 0, 0, 0, 103, 15),
(758, 'ADMIN', 'ADMIN', '2022-09-06 00:00:10', '2022-09-06 00:00:10', 0, 0, 0, 0, 0, 0, 103, 16),

(759, 'ADMIN', 'ADMIN', '2022-09-06 00:00:10', '2022-09-06 00:00:10', 0, 0, 0, 0, 0, 0, 104, 1),
(760, 'ADMIN', 'ADMIN', '2022-09-06 00:00:10', '2022-09-06 00:00:10', 0, 0, 0, 0, 0, 0, 104, 2),
(761, 'ADMIN', 'ADMIN', '2022-09-06 00:00:10', '2022-09-06 00:00:10', 0, 0, 0, 0, 0, 0, 104, 3),
(762, 'ADMIN', 'ADMIN', '2022-09-06 00:00:10', '2022-09-06 00:00:10', 0, 0, 0, 0, 0, 0, 104, 4),
(763, 'ADMIN', 'ADMIN', '2022-09-06 00:00:10', '2022-09-06 00:00:10', 0, 0, 0, 0, 0, 0, 104, 5),
(764, 'ADMIN', 'ADMIN', '2022-09-06 00:00:10', '2022-09-06 00:00:10', 0, 0, 0, 0, 0, 0, 104, 6),
(765, 'ADMIN', 'ADMIN', '2022-09-06 00:00:10', '2022-09-06 00:00:10', 0, 0, 0, 0, 0, 0, 104, 7),
(766, 'ADMIN', 'ADMIN', '2022-09-06 00:00:10', '2022-09-06 00:00:10', 0, 0, 0, 0, 0, 0, 104, 8),
(767, 'ADMIN', 'ADMIN', '2022-09-06 00:00:10', '2022-09-06 00:00:10', 0, 0, 0, 0, 0, 0, 104, 9),
(768, 'ADMIN', 'ADMIN', '2022-09-06 00:00:10', '2022-09-06 00:00:10', 0, 0, 0, 0, 0, 0, 104, 10),
(769, 'ADMIN', 'ADMIN', '2022-09-06 00:00:10', '2022-09-06 00:00:10', 0, 0, 0, 0, 0, 0, 104, 11),
(770, 'ADMIN', 'ADMIN', '2022-09-06 00:00:10', '2022-09-06 00:00:10', 0, 0, 0, 0, 0, 0, 104, 12),
(771, 'ADMIN', 'ADMIN', '2022-09-06 00:00:10', '2022-09-06 00:00:10', 0, 0, 0, 0, 0, 0, 104, 13),
(772, 'ADMIN', 'ADMIN', '2022-09-06 00:00:10', '2022-09-06 00:00:10', 0, 0, 0, 0, 0, 0, 104, 14),
(773, 'ADMIN', 'ADMIN', '2022-09-06 00:00:10', '2022-09-06 00:00:10', 0, 0, 0, 0, 0, 0, 104, 15),
(774, 'ADMIN', 'ADMIN', '2022-09-06 00:00:10', '2022-09-06 00:00:10', 0, 0, 0, 0, 0, 0, 104, 16),

(775, 'ADMIN', 'ADMIN', '2022-09-06 00:00:10', '2022-09-06 00:00:10', 0, 0, 0, 0, 0, 0, 105, 1),
(776, 'ADMIN', 'ADMIN', '2022-09-06 00:00:10', '2022-09-06 00:00:10', 0, 0, 0, 0, 0, 0, 105, 2),
(777, 'ADMIN', 'ADMIN', '2022-09-06 00:00:10', '2022-09-06 00:00:10', 0, 0, 0, 0, 0, 0, 105, 3),
(778, 'ADMIN', 'ADMIN', '2022-09-06 00:00:10', '2022-09-06 00:00:10', 0, 0, 0, 0, 0, 0, 105, 4),
(779, 'ADMIN', 'ADMIN', '2022-09-06 00:00:10', '2022-09-06 00:00:10', 0, 0, 0, 0, 0, 0, 105, 5),
(780, 'ADMIN', 'ADMIN', '2022-09-06 00:00:10', '2022-09-06 00:00:10', 0, 0, 0, 0, 0, 0, 105, 6),
(781, 'ADMIN', 'ADMIN', '2022-09-06 00:00:10', '2022-09-06 00:00:10', 0, 0, 0, 0, 0, 0, 105, 7),
(782, 'ADMIN', 'ADMIN', '2022-09-06 00:00:10', '2022-09-06 00:00:10', 0, 0, 0, 0, 0, 0, 105, 8),
(783, 'ADMIN', 'ADMIN', '2022-09-06 00:00:10', '2022-09-06 00:00:10', 0, 0, 0, 0, 0, 0, 105, 9),
(784, 'ADMIN', 'ADMIN', '2022-09-06 00:00:10', '2022-09-06 00:00:10', 0, 0, 0, 0, 0, 0, 105, 10),
(785, 'ADMIN', 'ADMIN', '2022-09-06 00:00:10', '2022-09-06 00:00:10', 0, 0, 0, 0, 0, 0, 105, 11),
(786, 'ADMIN', 'ADMIN', '2022-09-06 00:00:10', '2022-09-06 00:00:10', 0, 0, 0, 0, 0, 0, 105, 12),
(787, 'ADMIN', 'ADMIN', '2022-09-06 00:00:10', '2022-09-06 00:00:10', 0, 0, 0, 0, 0, 0, 105, 13),
(788, 'ADMIN', 'ADMIN', '2022-09-06 00:00:10', '2022-09-06 00:00:10', 0, 0, 0, 0, 0, 0, 105, 14),
(789, 'ADMIN', 'ADMIN', '2022-09-06 00:00:10', '2022-09-06 00:00:10', 0, 0, 0, 0, 0, 0, 105, 15),
(790, 'ADMIN', 'ADMIN', '2022-09-06 00:00:10', '2022-09-06 00:00:10', 0, 0, 0, 0, 0, 0, 105, 16),

(791, 'ADMIN', 'ADMIN', '2022-09-06 00:00:10', '2022-09-06 00:00:10', 0, 0, 0, 0, 0, 0, 106, 1),
(792, 'ADMIN', 'ADMIN', '2022-09-06 00:00:10', '2022-09-06 00:00:10', 0, 0, 0, 0, 0, 0, 106, 2),
(793, 'ADMIN', 'ADMIN', '2022-09-06 00:00:10', '2022-09-06 00:00:10', 0, 0, 0, 0, 0, 0, 106, 3),
(794, 'ADMIN', 'ADMIN', '2022-09-06 00:00:10', '2022-09-06 00:00:10', 0, 0, 0, 0, 0, 0, 106, 4),
(795, 'ADMIN', 'ADMIN', '2022-09-06 00:00:10', '2022-09-06 00:00:10', 0, 0, 0, 0, 0, 0, 106, 5),
(796, 'ADMIN', 'ADMIN', '2022-09-06 00:00:10', '2022-09-06 00:00:10', 0, 0, 0, 0, 0, 0, 106, 6),
(797, 'ADMIN', 'ADMIN', '2022-09-06 00:00:10', '2022-09-06 00:00:10', 0, 0, 0, 0, 0, 0, 106, 7),
(798, 'ADMIN', 'ADMIN', '2022-09-06 00:00:10', '2022-09-06 00:00:10', 0, 0, 0, 0, 0, 0, 106, 8),
(799, 'ADMIN', 'ADMIN', '2022-09-06 00:00:10', '2022-09-06 00:00:10', 0, 0, 0, 0, 0, 0, 106, 9),
(800, 'ADMIN', 'ADMIN', '2022-09-06 00:00:10', '2022-09-06 00:00:10', 0, 0, 0, 0, 0, 0, 106, 10),
(801, 'ADMIN', 'ADMIN', '2022-09-06 00:00:10', '2022-09-06 00:00:10', 0, 0, 0, 0, 0, 0, 106, 11),
(802, 'ADMIN', 'ADMIN', '2022-09-06 00:00:10', '2022-09-06 00:00:10', 0, 0, 0, 0, 0, 0, 106, 12),
(803, 'ADMIN', 'ADMIN', '2022-09-06 00:00:10', '2022-09-06 00:00:10', 0, 0, 0, 0, 0, 0, 106, 13),
(804, 'ADMIN', 'ADMIN', '2022-09-06 00:00:10', '2022-09-06 00:00:10', 0, 0, 0, 0, 0, 0, 106, 14),
(805, 'ADMIN', 'ADMIN', '2022-09-06 00:00:10', '2022-09-06 00:00:10', 0, 0, 0, 0, 0, 0, 106, 15),
(806, 'ADMIN', 'ADMIN', '2022-09-06 00:00:10', '2022-09-06 00:00:10', 0, 0, 0, 0, 0, 0, 106, 16),

(807, 'ADMIN', 'ADMIN', '2022-09-06 00:00:10', '2022-09-06 00:00:10', 0, 0, 0, 0, 0, 0, 107, 1),
(808, 'ADMIN', 'ADMIN', '2022-09-06 00:00:10', '2022-09-06 00:00:10', 0, 0, 0, 0, 0, 0, 107, 2),
(809, 'ADMIN', 'ADMIN', '2022-09-06 00:00:10', '2022-09-06 00:00:10', 0, 0, 0, 0, 0, 0, 107, 3),
(810, 'ADMIN', 'ADMIN', '2022-09-06 00:00:10', '2022-09-06 00:00:10', 0, 0, 0, 0, 0, 0, 107, 4),
(811, 'ADMIN', 'ADMIN', '2022-09-06 00:00:10', '2022-09-06 00:00:10', 0, 0, 0, 0, 0, 0, 107, 5),
(812, 'ADMIN', 'ADMIN', '2022-09-06 00:00:10', '2022-09-06 00:00:10', 0, 0, 0, 0, 0, 0, 107, 6),
(813, 'ADMIN', 'ADMIN', '2022-09-06 00:00:10', '2022-09-06 00:00:10', 0, 0, 0, 0, 0, 0, 107, 7),
(814, 'ADMIN', 'ADMIN', '2022-09-06 00:00:10', '2022-09-06 00:00:10', 0, 0, 0, 0, 0, 0, 107, 8),
(815, 'ADMIN', 'ADMIN', '2022-09-06 00:00:10', '2022-09-06 00:00:10', 0, 0, 0, 0, 0, 0, 107, 9),
(816, 'ADMIN', 'ADMIN', '2022-09-06 00:00:10', '2022-09-06 00:00:10', 0, 0, 0, 0, 0, 0, 107, 10),
(817, 'ADMIN', 'ADMIN', '2022-09-06 00:00:10', '2022-09-06 00:00:10', 0, 0, 0, 0, 0, 0, 107, 11),
(818, 'ADMIN', 'ADMIN', '2022-09-06 00:00:10', '2022-09-06 00:00:10', 0, 0, 0, 0, 0, 0, 107, 12),
(819, 'ADMIN', 'ADMIN', '2022-09-06 00:00:10', '2022-09-06 00:00:10', 0, 0, 0, 0, 0, 0, 107, 13),
(820, 'ADMIN', 'ADMIN', '2022-09-06 00:00:10', '2022-09-06 00:00:10', 0, 0, 0, 0, 0, 0, 107, 14),
(821, 'ADMIN', 'ADMIN', '2022-09-06 00:00:10', '2022-09-06 00:00:10', 0, 0, 0, 0, 0, 0, 107, 15),
(822, 'ADMIN', 'ADMIN', '2022-09-06 00:00:10', '2022-09-06 00:00:10', 0, 0, 0, 0, 0, 0, 107, 16),

(823, 'ADMIN', 'ADMIN', '2022-09-06 00:00:10', '2022-09-06 00:00:10', 0, 0, 0, 0, 0, 0, 108, 1),
(824, 'ADMIN', 'ADMIN', '2022-09-06 00:00:10', '2022-09-06 00:00:10', 0, 0, 0, 0, 0, 0, 108, 2),
(825, 'ADMIN', 'ADMIN', '2022-09-06 00:00:10', '2022-09-06 00:00:10', 0, 0, 0, 0, 0, 0, 108, 3),
(826, 'ADMIN', 'ADMIN', '2022-09-06 00:00:10', '2022-09-06 00:00:10', 0, 0, 0, 0, 0, 0, 108, 4),
(827, 'ADMIN', 'ADMIN', '2022-09-06 00:00:10', '2022-09-06 00:00:10', 0, 0, 0, 0, 0, 0, 108, 5),
(828, 'ADMIN', 'ADMIN', '2022-09-06 00:00:10', '2022-09-06 00:00:10', 0, 0, 0, 0, 0, 0, 108, 6),
(829, 'ADMIN', 'ADMIN', '2022-09-06 00:00:10', '2022-09-06 00:00:10', 0, 0, 0, 0, 0, 0, 108, 7),
(830, 'ADMIN', 'ADMIN', '2022-09-06 00:00:10', '2022-09-06 00:00:10', 0, 0, 0, 0, 0, 0, 108, 8),
(831, 'ADMIN', 'ADMIN', '2022-09-06 00:00:10', '2022-09-06 00:00:10', 0, 0, 0, 0, 0, 0, 108, 9),
(832, 'ADMIN', 'ADMIN', '2022-09-06 00:00:10', '2022-09-06 00:00:10', 0, 0, 0, 0, 0, 0, 108, 10),
(833, 'ADMIN', 'ADMIN', '2022-09-06 00:00:10', '2022-09-06 00:00:10', 0, 0, 0, 0, 0, 0, 108, 11),
(834, 'ADMIN', 'ADMIN', '2022-09-06 00:00:10', '2022-09-06 00:00:10', 0, 0, 0, 0, 0, 0, 108, 12),
(835, 'ADMIN', 'ADMIN', '2022-09-06 00:00:10', '2022-09-06 00:00:10', 0, 0, 0, 0, 0, 0, 108, 13),
(836, 'ADMIN', 'ADMIN', '2022-09-06 00:00:10', '2022-09-06 00:00:10', 0, 0, 0, 0, 0, 0, 108, 14),
(837, 'ADMIN', 'ADMIN', '2022-09-06 00:00:10', '2022-09-06 00:00:10', 0, 0, 0, 0, 0, 0, 108, 15),
(838, 'ADMIN', 'ADMIN', '2022-09-06 00:00:10', '2022-09-06 00:00:10', 0, 0, 0, 0, 0, 0, 108, 16),

(839, 'ADMIN', 'ADMIN', '2022-09-06 00:00:10', '2022-09-06 00:00:10', 0, 0, 0, 0, 0, 0, 109, 1),
(840, 'ADMIN', 'ADMIN', '2022-09-06 00:00:10', '2022-09-06 00:00:10', 0, 0, 0, 0, 0, 0, 109, 2),
(841, 'ADMIN', 'ADMIN', '2022-09-06 00:00:10', '2022-09-06 00:00:10', 0, 0, 0, 0, 0, 0, 109, 3),
(842, 'ADMIN', 'ADMIN', '2022-09-06 00:00:10', '2022-09-06 00:00:10', 0, 0, 0, 0, 0, 0, 109, 4),
(843, 'ADMIN', 'ADMIN', '2022-09-06 00:00:10', '2022-09-06 00:00:10', 0, 0, 0, 0, 0, 0, 109, 5),
(844, 'ADMIN', 'ADMIN', '2022-09-06 00:00:10', '2022-09-06 00:00:10', 0, 0, 0, 0, 0, 0, 109, 6),
(851, 'ADMIN', 'ADMIN', '2022-09-06 00:00:10', '2022-09-06 00:00:10', 0, 0, 0, 0, 0, 0, 109, 7),
(852, 'ADMIN', 'ADMIN', '2022-09-06 00:00:10', '2022-09-06 00:00:10', 0, 0, 0, 0, 0, 0, 109, 8),
(853, 'ADMIN', 'ADMIN', '2022-09-06 00:00:10', '2022-09-06 00:00:10', 0, 0, 0, 0, 0, 0, 109, 9),
(854, 'ADMIN', 'ADMIN', '2022-09-06 00:00:10', '2022-09-06 00:00:10', 0, 0, 0, 0, 0, 0, 109, 10),
(855, 'ADMIN', 'ADMIN', '2022-09-06 00:00:10', '2022-09-06 00:00:10', 0, 0, 0, 0, 0, 0, 109, 11),
(856, 'ADMIN', 'ADMIN', '2022-09-06 00:00:10', '2022-09-06 00:00:10', 0, 0, 0, 0, 0, 0, 109, 12),
(857, 'ADMIN', 'ADMIN', '2022-09-06 00:00:10', '2022-09-06 00:00:10', 0, 0, 0, 0, 0, 0, 109, 13),
(858, 'ADMIN', 'ADMIN', '2022-09-06 00:00:10', '2022-09-06 00:00:10', 0, 0, 0, 0, 0, 0, 109, 14),
(859, 'ADMIN', 'ADMIN', '2022-09-06 00:00:10', '2022-09-06 00:00:10', 0, 0, 0, 0, 0, 0, 109, 15),
(860, 'ADMIN', 'ADMIN', '2022-09-06 00:00:10', '2022-09-06 00:00:10', 0, 0, 0, 0, 0, 0, 109, 16),

(861, 'ADMIN', 'ADMIN', '2022-09-06 00:00:10', '2022-09-06 00:00:10', 0, 0, 0, 0, 0, 0, 110, 1),
(862, 'ADMIN', 'ADMIN', '2022-09-06 00:00:10', '2022-09-06 00:00:10', 0, 0, 0, 0, 0, 0, 110, 2),
(863, 'ADMIN', 'ADMIN', '2022-09-06 00:00:10', '2022-09-06 00:00:10', 0, 0, 0, 0, 0, 0, 110, 3),
(864, 'ADMIN', 'ADMIN', '2022-09-06 00:00:10', '2022-09-06 00:00:10', 0, 0, 0, 0, 0, 0, 110, 4),
(865, 'ADMIN', 'ADMIN', '2022-09-06 00:00:10', '2022-09-06 00:00:10', 0, 0, 0, 0, 0, 0, 110, 5),
(866, 'ADMIN', 'ADMIN', '2022-09-06 00:00:10', '2022-09-06 00:00:10', 0, 0, 0, 0, 0, 0, 110, 6),
(867, 'ADMIN', 'ADMIN', '2022-09-06 00:00:10', '2022-09-06 00:00:10', 0, 0, 0, 0, 0, 0, 110, 7),
(868, 'ADMIN', 'ADMIN', '2022-09-06 00:00:10', '2022-09-06 00:00:10', 0, 0, 0, 0, 0, 0, 110, 8),
(869, 'ADMIN', 'ADMIN', '2022-09-06 00:00:10', '2022-09-06 00:00:10', 0, 0, 0, 0, 0, 0, 110, 9),
(870, 'ADMIN', 'ADMIN', '2022-09-06 00:00:10', '2022-09-06 00:00:10', 0, 0, 0, 0, 0, 0, 110, 10),
(871, 'ADMIN', 'ADMIN', '2022-09-06 00:00:10', '2022-09-06 00:00:10', 0, 0, 0, 0, 0, 0, 110, 11),
(872, 'ADMIN', 'ADMIN', '2022-09-06 00:00:10', '2022-09-06 00:00:10', 0, 0, 0, 0, 0, 0, 110, 12),
(873, 'ADMIN', 'ADMIN', '2022-09-06 00:00:10', '2022-09-06 00:00:10', 0, 0, 0, 0, 0, 0, 110, 13),
(874, 'ADMIN', 'ADMIN', '2022-09-06 00:00:10', '2022-09-06 00:00:10', 0, 0, 0, 0, 0, 0, 110, 14),
(875, 'ADMIN', 'ADMIN', '2022-09-06 00:00:10', '2022-09-06 00:00:10', 0, 0, 0, 0, 0, 0, 110, 15),
(876, 'ADMIN', 'ADMIN', '2022-09-06 00:00:10', '2022-09-06 00:00:10', 0, 0, 0, 0, 0, 0, 110, 16),

(877, 'ADMIN', 'ADMIN', '2022-09-06 00:00:10', '2022-09-06 00:00:10', 0, 0, 0, 0, 0, 0, 111, 1),
(878, 'ADMIN', 'ADMIN', '2022-09-06 00:00:10', '2022-09-06 00:00:10', 0, 0, 0, 0, 0, 0, 111, 2),
(879, 'ADMIN', 'ADMIN', '2022-09-06 00:00:10', '2022-09-06 00:00:10', 0, 0, 0, 0, 0, 0, 111, 3),
(880, 'ADMIN', 'ADMIN', '2022-09-06 00:00:10', '2022-09-06 00:00:10', 0, 0, 0, 0, 0, 0, 111, 4),
(881, 'ADMIN', 'ADMIN', '2022-09-06 00:00:10', '2022-09-06 00:00:10', 0, 0, 0, 0, 0, 0, 111, 5),
(882, 'ADMIN', 'ADMIN', '2022-09-06 00:00:10', '2022-09-06 00:00:10', 0, 0, 0, 0, 0, 0, 111, 6),
(883, 'ADMIN', 'ADMIN', '2022-09-06 00:00:10', '2022-09-06 00:00:10', 0, 0, 0, 0, 0, 0, 111, 7),
(884, 'ADMIN', 'ADMIN', '2022-09-06 00:00:10', '2022-09-06 00:00:10', 0, 0, 0, 0, 0, 0, 111, 8),
(885, 'ADMIN', 'ADMIN', '2022-09-06 00:00:10', '2022-09-06 00:00:10', 0, 0, 0, 0, 0, 0, 111, 9),
(886, 'ADMIN', 'ADMIN', '2022-09-06 00:00:10', '2022-09-06 00:00:10', 0, 0, 0, 0, 0, 0, 111, 10),
(887, 'ADMIN', 'ADMIN', '2022-09-06 00:00:10', '2022-09-06 00:00:10', 0, 0, 0, 0, 0, 0, 111, 11),
(888, 'ADMIN', 'ADMIN', '2022-09-06 00:00:10', '2022-09-06 00:00:10', 0, 0, 0, 0, 0, 0, 111, 12),
(889, 'ADMIN', 'ADMIN', '2022-09-06 00:00:10', '2022-09-06 00:00:10', 0, 0, 0, 0, 0, 0, 111, 13),
(890, 'ADMIN', 'ADMIN', '2022-09-06 00:00:10', '2022-09-06 00:00:10', 0, 0, 0, 0, 0, 0, 111, 14),
(891, 'ADMIN', 'ADMIN', '2022-09-06 00:00:10', '2022-09-06 00:00:10', 0, 0, 0, 0, 0, 0, 111, 15),
(892, 'ADMIN', 'ADMIN', '2022-09-06 00:00:10', '2022-09-06 00:00:10', 0, 0, 0, 0, 0, 0, 111, 16),

(893, 'ADMIN', 'ADMIN', '2022-09-06 00:00:10', '2022-09-06 00:00:10', 0, 0, 0, 0, 0, 0, 112, 1),
(894, 'ADMIN', 'ADMIN', '2022-09-06 00:00:10', '2022-09-06 00:00:10', 0, 0, 0, 0, 0, 0, 112, 2),
(895, 'ADMIN', 'ADMIN', '2022-09-06 00:00:10', '2022-09-06 00:00:10', 0, 0, 0, 0, 0, 0, 112, 3),
(896, 'ADMIN', 'ADMIN', '2022-09-06 00:00:10', '2022-09-06 00:00:10', 0, 0, 0, 0, 0, 0, 112, 4),
(897, 'ADMIN', 'ADMIN', '2022-09-06 00:00:10', '2022-09-06 00:00:10', 0, 0, 0, 0, 0, 0, 112, 5),
(898, 'ADMIN', 'ADMIN', '2022-09-06 00:00:10', '2022-09-06 00:00:10', 0, 0, 0, 0, 0, 0, 112, 6),
(899, 'ADMIN', 'ADMIN', '2022-09-06 00:00:10', '2022-09-06 00:00:10', 0, 0, 0, 0, 0, 0, 112, 7),
(900, 'ADMIN', 'ADMIN', '2022-09-06 00:00:10', '2022-09-06 00:00:10', 0, 0, 0, 0, 0, 0, 112, 8),
(901, 'ADMIN', 'ADMIN', '2022-09-06 00:00:10', '2022-09-06 00:00:10', 0, 0, 0, 0, 0, 0, 112, 9),
(902, 'ADMIN', 'ADMIN', '2022-09-06 00:00:10', '2022-09-06 00:00:10', 0, 0, 0, 0, 0, 0, 112, 10),
(903, 'ADMIN', 'ADMIN', '2022-09-06 00:00:10', '2022-09-06 00:00:10', 0, 0, 0, 0, 0, 0, 112, 11),
(904, 'ADMIN', 'ADMIN', '2022-09-06 00:00:10', '2022-09-06 00:00:10', 0, 0, 0, 0, 0, 0, 112, 12),
(905, 'ADMIN', 'ADMIN', '2022-09-06 00:00:10', '2022-09-06 00:00:10', 0, 0, 0, 0, 0, 0, 112, 13),
(906, 'ADMIN', 'ADMIN', '2022-09-06 00:00:10', '2022-09-06 00:00:10', 0, 0, 0, 0, 0, 0, 112, 14),
(907, 'ADMIN', 'ADMIN', '2022-09-06 00:00:10', '2022-09-06 00:00:10', 0, 0, 0, 0, 0, 0, 112, 15),
(908, 'ADMIN', 'ADMIN', '2022-09-06 00:00:10', '2022-09-06 00:00:10', 0, 0, 0, 0, 0, 0, 112, 16),

(909, 'ADMIN', 'ADMIN', '2022-09-06 00:00:10', '2022-09-06 00:00:10', 0, 0, 0, 0, 0, 0, 113, 1),
(910, 'ADMIN', 'ADMIN', '2022-09-06 00:00:10', '2022-09-06 00:00:10', 0, 0, 0, 0, 0, 0, 113, 2),
(911, 'ADMIN', 'ADMIN', '2022-09-06 00:00:10', '2022-09-06 00:00:10', 0, 0, 0, 0, 0, 0, 113, 3),
(912, 'ADMIN', 'ADMIN', '2022-09-06 00:00:10', '2022-09-06 00:00:10', 0, 0, 0, 0, 0, 0, 113, 4),
(913, 'ADMIN', 'ADMIN', '2022-09-06 00:00:10', '2022-09-06 00:00:10', 0, 0, 0, 0, 0, 0, 113, 5),
(914, 'ADMIN', 'ADMIN', '2022-09-06 00:00:10', '2022-09-06 00:00:10', 0, 0, 0, 0, 0, 0, 113, 6),
(915, 'ADMIN', 'ADMIN', '2022-09-06 00:00:10', '2022-09-06 00:00:10', 0, 0, 0, 0, 0, 0, 113, 7),
(916, 'ADMIN', 'ADMIN', '2022-09-06 00:00:10', '2022-09-06 00:00:10', 0, 0, 0, 0, 0, 0, 113, 8),
(917, 'ADMIN', 'ADMIN', '2022-09-06 00:00:10', '2022-09-06 00:00:10', 0, 0, 0, 0, 0, 0, 113, 9),
(918, 'ADMIN', 'ADMIN', '2022-09-06 00:00:10', '2022-09-06 00:00:10', 0, 0, 0, 0, 0, 0, 113, 10),
(919, 'ADMIN', 'ADMIN', '2022-09-06 00:00:10', '2022-09-06 00:00:10', 0, 0, 0, 0, 0, 0, 113, 11),
(920, 'ADMIN', 'ADMIN', '2022-09-06 00:00:10', '2022-09-06 00:00:10', 0, 0, 0, 0, 0, 0, 113, 12),
(921, 'ADMIN', 'ADMIN', '2022-09-06 00:00:10', '2022-09-06 00:00:10', 0, 0, 0, 0, 0, 0, 113, 13),
(922, 'ADMIN', 'ADMIN', '2022-09-06 00:00:10', '2022-09-06 00:00:10', 0, 0, 0, 0, 0, 0, 113, 14),
(923, 'ADMIN', 'ADMIN', '2022-09-06 00:00:10', '2022-09-06 00:00:10', 0, 0, 0, 0, 0, 0, 113, 15),
(924, 'ADMIN', 'ADMIN', '2022-09-06 00:00:10', '2022-09-06 00:00:10', 0, 0, 0, 0, 0, 0, 113, 16),

(925, 'ADMIN', 'ADMIN', '2022-09-06 00:00:10', '2022-09-06 00:00:10', 0, 0, 0, 0, 0, 0, 114, 1),
(926, 'ADMIN', 'ADMIN', '2022-09-06 00:00:10', '2022-09-06 00:00:10', 0, 0, 0, 0, 0, 0, 114, 2),
(927, 'ADMIN', 'ADMIN', '2022-09-06 00:00:10', '2022-09-06 00:00:10', 0, 0, 0, 0, 0, 0, 114, 3),
(928, 'ADMIN', 'ADMIN', '2022-09-06 00:00:10', '2022-09-06 00:00:10', 0, 0, 0, 0, 0, 0, 114, 4),
(929, 'ADMIN', 'ADMIN', '2022-09-06 00:00:10', '2022-09-06 00:00:10', 0, 0, 0, 0, 0, 0, 114, 5),
(930, 'ADMIN', 'ADMIN', '2022-09-06 00:00:10', '2022-09-06 00:00:10', 0, 0, 0, 0, 0, 0, 114, 6),
(931, 'ADMIN', 'ADMIN', '2022-09-06 00:00:10', '2022-09-06 00:00:10', 0, 0, 0, 0, 0, 0, 114, 7),
(932, 'ADMIN', 'ADMIN', '2022-09-06 00:00:10', '2022-09-06 00:00:10', 0, 0, 0, 0, 0, 0, 114, 8),
(933, 'ADMIN', 'ADMIN', '2022-09-06 00:00:10', '2022-09-06 00:00:10', 0, 0, 0, 0, 0, 0, 114, 9),
(934, 'ADMIN', 'ADMIN', '2022-09-06 00:00:10', '2022-09-06 00:00:10', 0, 0, 0, 0, 0, 0, 114, 10),
(935, 'ADMIN', 'ADMIN', '2022-09-06 00:00:10', '2022-09-06 00:00:10', 0, 0, 0, 0, 0, 0, 114, 11),
(936, 'ADMIN', 'ADMIN', '2022-09-06 00:00:10', '2022-09-06 00:00:10', 0, 0, 0, 0, 0, 0, 114, 12),
(937, 'ADMIN', 'ADMIN', '2022-09-06 00:00:10', '2022-09-06 00:00:10', 0, 0, 0, 0, 0, 0, 114, 13),
(938, 'ADMIN', 'ADMIN', '2022-09-06 00:00:10', '2022-09-06 00:00:10', 0, 0, 0, 0, 0, 0, 114, 14),
(939, 'ADMIN', 'ADMIN', '2022-09-06 00:00:10', '2022-09-06 00:00:10', 0, 0, 0, 0, 0, 0, 114, 15),
(940, 'ADMIN', 'ADMIN', '2022-09-06 00:00:10', '2022-09-06 00:00:10', 0, 0, 0, 0, 0, 0, 114, 16),

(941, 'ADMIN', 'ADMIN', '2022-09-06 00:00:10', '2022-09-06 00:00:10', 0, 0, 0, 0, 0, 0, 115, 1),
(942, 'ADMIN', 'ADMIN', '2022-09-06 00:00:10', '2022-09-06 00:00:10', 0, 0, 0, 0, 0, 0, 115, 2),
(943, 'ADMIN', 'ADMIN', '2022-09-06 00:00:10', '2022-09-06 00:00:10', 0, 0, 0, 0, 0, 0, 115, 3),
(944, 'ADMIN', 'ADMIN', '2022-09-06 00:00:10', '2022-09-06 00:00:10', 0, 0, 0, 0, 0, 0, 115, 4),
(945, 'ADMIN', 'ADMIN', '2022-09-06 00:00:10', '2022-09-06 00:00:10', 0, 0, 0, 0, 0, 0, 115, 5),
(946, 'ADMIN', 'ADMIN', '2022-09-06 00:00:10', '2022-09-06 00:00:10', 0, 0, 0, 0, 0, 0, 115, 6),
(947, 'ADMIN', 'ADMIN', '2022-09-06 00:00:10', '2022-09-06 00:00:10', 0, 0, 0, 0, 0, 0, 115, 7),
(948, 'ADMIN', 'ADMIN', '2022-09-06 00:00:10', '2022-09-06 00:00:10', 0, 0, 0, 0, 0, 0, 115, 8),
(949, 'ADMIN', 'ADMIN', '2022-09-06 00:00:10', '2022-09-06 00:00:10', 0, 0, 0, 0, 0, 0, 115, 9),
(950, 'ADMIN', 'ADMIN', '2022-09-06 00:00:10', '2022-09-06 00:00:10', 0, 0, 0, 0, 0, 0, 115, 10),
(951, 'ADMIN', 'ADMIN', '2022-09-06 00:00:10', '2022-09-06 00:00:10', 0, 0, 0, 0, 0, 0, 115, 11),
(952, 'ADMIN', 'ADMIN', '2022-09-06 00:00:10', '2022-09-06 00:00:10', 0, 0, 0, 0, 0, 0, 115, 12),
(953, 'ADMIN', 'ADMIN', '2022-09-06 00:00:10', '2022-09-06 00:00:10', 0, 0, 0, 0, 0, 0, 115, 13),
(954, 'ADMIN', 'ADMIN', '2022-09-06 00:00:10', '2022-09-06 00:00:10', 0, 0, 0, 0, 0, 0, 115, 14),
(955, 'ADMIN', 'ADMIN', '2022-09-06 00:00:10', '2022-09-06 00:00:10', 0, 0, 0, 0, 0, 0, 115, 15),
(956, 'ADMIN', 'ADMIN', '2022-09-06 00:00:10', '2022-09-06 00:00:10', 0, 0, 0, 0, 0, 0, 115, 16),

(957, 'ADMIN', 'ADMIN', '2022-09-06 00:00:10', '2022-09-06 00:00:10', 0, 0, 0, 0, 0, 0, 116, 1),
(958, 'ADMIN', 'ADMIN', '2022-09-06 00:00:10', '2022-09-06 00:00:10', 0, 0, 0, 0, 0, 0, 116, 2),
(959, 'ADMIN', 'ADMIN', '2022-09-06 00:00:10', '2022-09-06 00:00:10', 0, 0, 0, 0, 0, 0, 116, 3),
(960, 'ADMIN', 'ADMIN', '2022-09-06 00:00:10', '2022-09-06 00:00:10', 0, 0, 0, 0, 0, 0, 116, 4),
(961, 'ADMIN', 'ADMIN', '2022-09-06 00:00:10', '2022-09-06 00:00:10', 0, 0, 0, 0, 0, 0, 116, 5),
(962, 'ADMIN', 'ADMIN', '2022-09-06 00:00:10', '2022-09-06 00:00:10', 0, 0, 0, 0, 0, 0, 116, 6),
(963, 'ADMIN', 'ADMIN', '2022-09-06 00:00:10', '2022-09-06 00:00:10', 0, 0, 0, 0, 0, 0, 116, 7),
(964, 'ADMIN', 'ADMIN', '2022-09-06 00:00:10', '2022-09-06 00:00:10', 0, 0, 0, 0, 0, 0, 116, 8),
(965, 'ADMIN', 'ADMIN', '2022-09-06 00:00:10', '2022-09-06 00:00:10', 0, 0, 0, 0, 0, 0, 116, 9),
(966, 'ADMIN', 'ADMIN', '2022-09-06 00:00:10', '2022-09-06 00:00:10', 0, 0, 0, 0, 0, 0, 116, 10),
(967, 'ADMIN', 'ADMIN', '2022-09-06 00:00:10', '2022-09-06 00:00:10', 0, 0, 0, 0, 0, 0, 116, 11),
(968, 'ADMIN', 'ADMIN', '2022-09-06 00:00:10', '2022-09-06 00:00:10', 0, 0, 0, 0, 0, 0, 116, 12),
(969, 'ADMIN', 'ADMIN', '2022-09-06 00:00:10', '2022-09-06 00:00:10', 0, 0, 0, 0, 0, 0, 116, 13),
(970, 'ADMIN', 'ADMIN', '2022-09-06 00:00:10', '2022-09-06 00:00:10', 0, 0, 0, 0, 0, 0, 116, 14),
(971, 'ADMIN', 'ADMIN', '2022-09-06 00:00:10', '2022-09-06 00:00:10', 0, 0, 0, 0, 0, 0, 116, 15),
(972, 'ADMIN', 'ADMIN', '2022-09-06 00:00:10', '2022-09-06 00:00:10', 0, 0, 0, 0, 0, 0, 116, 16),

(973, 'ADMIN', 'ADMIN', '2022-09-06 00:00:10', '2022-09-06 00:00:10', 0, 0, 0, 0, 0, 0, 117, 1),
(974, 'ADMIN', 'ADMIN', '2022-09-06 00:00:10', '2022-09-06 00:00:10', 0, 0, 0, 0, 0, 0, 117, 2),
(975, 'ADMIN', 'ADMIN', '2022-09-06 00:00:10', '2022-09-06 00:00:10', 0, 0, 0, 0, 0, 0, 117, 3),
(976, 'ADMIN', 'ADMIN', '2022-09-06 00:00:10', '2022-09-06 00:00:10', 0, 0, 0, 0, 0, 0, 117, 4),
(977, 'ADMIN', 'ADMIN', '2022-09-06 00:00:10', '2022-09-06 00:00:10', 0, 0, 0, 0, 0, 0, 117, 5),
(978, 'ADMIN', 'ADMIN', '2022-09-06 00:00:10', '2022-09-06 00:00:10', 0, 0, 0, 0, 0, 0, 117, 6),
(979, 'ADMIN', 'ADMIN', '2022-09-06 00:00:10', '2022-09-06 00:00:10', 0, 0, 0, 0, 0, 0, 117, 7),
(980, 'ADMIN', 'ADMIN', '2022-09-06 00:00:10', '2022-09-06 00:00:10', 0, 0, 0, 0, 0, 0, 117, 8),
(981, 'ADMIN', 'ADMIN', '2022-09-06 00:00:10', '2022-09-06 00:00:10', 0, 0, 0, 0, 0, 0, 117, 9),
(982, 'ADMIN', 'ADMIN', '2022-09-06 00:00:10', '2022-09-06 00:00:10', 0, 0, 0, 0, 0, 0, 117, 10),
(983, 'ADMIN', 'ADMIN', '2022-09-06 00:00:10', '2022-09-06 00:00:10', 0, 0, 0, 0, 0, 0, 117, 11),
(984, 'ADMIN', 'ADMIN', '2022-09-06 00:00:10', '2022-09-06 00:00:10', 0, 0, 0, 0, 0, 0, 117, 12),
(985, 'ADMIN', 'ADMIN', '2022-09-06 00:00:10', '2022-09-06 00:00:10', 0, 0, 0, 0, 0, 0, 117, 13),
(986, 'ADMIN', 'ADMIN', '2022-09-06 00:00:10', '2022-09-06 00:00:10', 0, 0, 0, 0, 0, 0, 117, 14),
(987, 'ADMIN', 'ADMIN', '2022-09-06 00:00:10', '2022-09-06 00:00:10', 0, 0, 0, 0, 0, 0, 117, 15),
(988, 'ADMIN', 'ADMIN', '2022-09-06 00:00:10', '2022-09-06 00:00:10', 0, 0, 0, 0, 0, 0, 117, 16),

(989, 'ADMIN', 'ADMIN', '2022-09-06 00:00:10', '2022-09-06 00:00:10', 0, 0, 0, 0, 0, 0, 118, 1),
(990, 'ADMIN', 'ADMIN', '2022-09-06 00:00:10', '2022-09-06 00:00:10', 0, 0, 0, 0, 0, 0, 118, 2),
(991, 'ADMIN', 'ADMIN', '2022-09-06 00:00:10', '2022-09-06 00:00:10', 0, 0, 0, 0, 0, 0, 118, 3),
(992, 'ADMIN', 'ADMIN', '2022-09-06 00:00:10', '2022-09-06 00:00:10', 0, 0, 0, 0, 0, 0, 118, 4),
(993, 'ADMIN', 'ADMIN', '2022-09-06 00:00:10', '2022-09-06 00:00:10', 0, 0, 0, 0, 0, 0, 118, 5),
(994, 'ADMIN', 'ADMIN', '2022-09-06 00:00:10', '2022-09-06 00:00:10', 0, 0, 0, 0, 0, 0, 118, 6),
(995, 'ADMIN', 'ADMIN', '2022-09-06 00:00:10', '2022-09-06 00:00:10', 0, 0, 0, 0, 0, 0, 118, 7),
(996, 'ADMIN', 'ADMIN', '2022-09-06 00:00:10', '2022-09-06 00:00:10', 0, 0, 0, 0, 0, 0, 118, 8),
(997, 'ADMIN', 'ADMIN', '2022-09-06 00:00:10', '2022-09-06 00:00:10', 0, 0, 0, 0, 0, 0, 118, 9),
(998, 'ADMIN', 'ADMIN', '2022-09-06 00:00:10', '2022-09-06 00:00:10', 0, 0, 0, 0, 0, 0, 118, 10),
(999, 'ADMIN', 'ADMIN', '2022-09-06 00:00:10', '2022-09-06 00:00:10', 0, 0, 0, 0, 0, 0, 118, 11),
(1000, 'ADMIN', 'ADMIN', '2022-09-06 00:00:10', '2022-09-06 00:00:10', 0, 0, 0, 0, 0, 0, 118, 12),
(1001, 'ADMIN', 'ADMIN', '2022-09-06 00:00:10', '2022-09-06 00:00:10', 0, 0, 0, 0, 0, 0, 118, 13),
(1002, 'ADMIN', 'ADMIN', '2022-09-06 00:00:10', '2022-09-06 00:00:10', 0, 0, 0, 0, 0, 0, 118, 14),
(1003, 'ADMIN', 'ADMIN', '2022-09-06 00:00:10', '2022-09-06 00:00:10', 0, 0, 0, 0, 0, 0, 118, 15),
(1004, 'ADMIN', 'ADMIN', '2022-09-06 00:00:10', '2022-09-06 00:00:10', 0, 0, 0, 0, 0, 0, 118, 16),

(1005, 'ADMIN', 'ADMIN', '2022-09-06 00:00:10', '2022-09-06 00:00:10', 0, 0, 0, 0, 0, 0, 119, 1),
(1006, 'ADMIN', 'ADMIN', '2022-09-06 00:00:10', '2022-09-06 00:00:10', 0, 0, 0, 0, 0, 0, 119, 2),
(1007, 'ADMIN', 'ADMIN', '2022-09-06 00:00:10', '2022-09-06 00:00:10', 0, 0, 0, 0, 0, 0, 119, 3),
(1008, 'ADMIN', 'ADMIN', '2022-09-06 00:00:10', '2022-09-06 00:00:10', 0, 0, 0, 0, 0, 0, 119, 4),
(1009, 'ADMIN', 'ADMIN', '2022-09-06 00:00:10', '2022-09-06 00:00:10', 0, 0, 0, 0, 0, 0, 119, 5),
(1010, 'ADMIN', 'ADMIN', '2022-09-06 00:00:10', '2022-09-06 00:00:10', 0, 0, 0, 0, 0, 0, 119, 6),
(1011, 'ADMIN', 'ADMIN', '2022-09-06 00:00:10', '2022-09-06 00:00:10', 0, 0, 0, 0, 0, 0, 119, 7),
(1012, 'ADMIN', 'ADMIN', '2022-09-06 00:00:10', '2022-09-06 00:00:10', 0, 0, 0, 0, 0, 0, 119, 8),
(1013, 'ADMIN', 'ADMIN', '2022-09-06 00:00:10', '2022-09-06 00:00:10', 0, 0, 0, 0, 0, 0, 119, 9),
(1014, 'ADMIN', 'ADMIN', '2022-09-06 00:00:10', '2022-09-06 00:00:10', 0, 0, 0, 0, 0, 0, 119, 10),
(1015, 'ADMIN', 'ADMIN', '2022-09-06 00:00:10', '2022-09-06 00:00:10', 0, 0, 0, 0, 0, 0, 119, 11),
(1016, 'ADMIN', 'ADMIN', '2022-09-06 00:00:10', '2022-09-06 00:00:10', 0, 0, 0, 0, 0, 0, 119, 12),
(1017, 'ADMIN', 'ADMIN', '2022-09-06 00:00:10', '2022-09-06 00:00:10', 0, 0, 0, 0, 0, 0, 119, 13),
(1018, 'ADMIN', 'ADMIN', '2022-09-06 00:00:10', '2022-09-06 00:00:10', 0, 0, 0, 0, 0, 0, 119, 14),
(1019, 'ADMIN', 'ADMIN', '2022-09-06 00:00:10', '2022-09-06 00:00:10', 0, 0, 0, 0, 0, 0, 119, 15),
(1020, 'ADMIN', 'ADMIN', '2022-09-06 00:00:10', '2022-09-06 00:00:10', 0, 0, 0, 0, 0, 0, 119, 16),

(1021, 'ADMIN', 'ADMIN', '2022-09-06 00:00:10', '2022-09-06 00:00:10', 0, 0, 0, 0, 0, 0, 120, 1),
(1022, 'ADMIN', 'ADMIN', '2022-09-06 00:00:10', '2022-09-06 00:00:10', 0, 0, 0, 0, 0, 0, 120, 2),
(1023, 'ADMIN', 'ADMIN', '2022-09-06 00:00:10', '2022-09-06 00:00:10', 0, 0, 0, 0, 0, 0, 120, 3),
(1024, 'ADMIN', 'ADMIN', '2022-09-06 00:00:10', '2022-09-06 00:00:10', 0, 0, 0, 0, 0, 0, 120, 4),
(1025, 'ADMIN', 'ADMIN', '2022-09-06 00:00:10', '2022-09-06 00:00:10', 0, 0, 0, 0, 0, 0, 120, 5),
(1026, 'ADMIN', 'ADMIN', '2022-09-06 00:00:10', '2022-09-06 00:00:10', 0, 0, 0, 0, 0, 0, 120, 6),
(1027, 'ADMIN', 'ADMIN', '2022-09-06 00:00:10', '2022-09-06 00:00:10', 0, 0, 0, 0, 0, 0, 120, 7),
(1028, 'ADMIN', 'ADMIN', '2022-09-06 00:00:10', '2022-09-06 00:00:10', 0, 0, 0, 0, 0, 0, 120, 8),
(1029, 'ADMIN', 'ADMIN', '2022-09-06 00:00:10', '2022-09-06 00:00:10', 0, 0, 0, 0, 0, 0, 120, 9),
(1030, 'ADMIN', 'ADMIN', '2022-09-06 00:00:10', '2022-09-06 00:00:10', 0, 0, 0, 0, 0, 0, 120, 10),
(1031, 'ADMIN', 'ADMIN', '2022-09-06 00:00:10', '2022-09-06 00:00:10', 0, 0, 0, 0, 0, 0, 120, 11),
(1032, 'ADMIN', 'ADMIN', '2022-09-06 00:00:10', '2022-09-06 00:00:10', 0, 0, 0, 0, 0, 0, 120, 12),
(1033, 'ADMIN', 'ADMIN', '2022-09-06 00:00:10', '2022-09-06 00:00:10', 0, 0, 0, 0, 0, 0, 120, 13),
(1034, 'ADMIN', 'ADMIN', '2022-09-06 00:00:10', '2022-09-06 00:00:10', 0, 0, 0, 0, 0, 0, 120, 14),
(1035, 'ADMIN', 'ADMIN', '2022-09-06 00:00:10', '2022-09-06 00:00:10', 0, 0, 0, 0, 0, 0, 120, 15),
(1036, 'ADMIN', 'ADMIN', '2022-09-06 00:00:10', '2022-09-06 00:00:10', 0, 0, 0, 0, 0, 0, 120, 16),

(1037, 'ADMIN', 'ADMIN', '2022-09-06 00:00:10', '2022-09-06 00:00:10', 0, 0, 0, 0, 0, 0, 121, 1),
(1038, 'ADMIN', 'ADMIN', '2022-09-06 00:00:10', '2022-09-06 00:00:10', 0, 0, 0, 0, 0, 0, 121, 2),
(1039, 'ADMIN', 'ADMIN', '2022-09-06 00:00:10', '2022-09-06 00:00:10', 0, 0, 0, 0, 0, 0, 121, 3),
(1040, 'ADMIN', 'ADMIN', '2022-09-06 00:00:10', '2022-09-06 00:00:10', 0, 0, 0, 0, 0, 0, 121, 4),
(1041, 'ADMIN', 'ADMIN', '2022-09-06 00:00:10', '2022-09-06 00:00:10', 0, 0, 0, 0, 0, 0, 121, 5),
(1042, 'ADMIN', 'ADMIN', '2022-09-06 00:00:10', '2022-09-06 00:00:10', 0, 0, 0, 0, 0, 0, 121, 6),
(1043, 'ADMIN', 'ADMIN', '2022-09-06 00:00:10', '2022-09-06 00:00:10', 0, 0, 0, 0, 0, 0, 121, 7),
(1044, 'ADMIN', 'ADMIN', '2022-09-06 00:00:10', '2022-09-06 00:00:10', 0, 0, 0, 0, 0, 0, 121, 8),
(1045, 'ADMIN', 'ADMIN', '2022-09-06 00:00:10', '2022-09-06 00:00:10', 0, 0, 0, 0, 0, 0, 121, 9),
(1046, 'ADMIN', 'ADMIN', '2022-09-06 00:00:10', '2022-09-06 00:00:10', 0, 0, 0, 0, 0, 0, 121, 10),
(1047, 'ADMIN', 'ADMIN', '2022-09-06 00:00:10', '2022-09-06 00:00:10', 0, 0, 0, 0, 0, 0, 121, 11),
(1048, 'ADMIN', 'ADMIN', '2022-09-06 00:00:10', '2022-09-06 00:00:10', 0, 0, 0, 0, 0, 0, 121, 12),
(1049, 'ADMIN', 'ADMIN', '2022-09-06 00:00:10', '2022-09-06 00:00:10', 0, 0, 0, 0, 0, 0, 121, 13),
(1050, 'ADMIN', 'ADMIN', '2022-09-06 00:00:10', '2022-09-06 00:00:10', 0, 0, 0, 0, 0, 0, 121, 14),
(1051, 'ADMIN', 'ADMIN', '2022-09-06 00:00:10', '2022-09-06 00:00:10', 0, 0, 0, 0, 0, 0, 121, 15),
(1052, 'ADMIN', 'ADMIN', '2022-09-06 00:00:10', '2022-09-06 00:00:10', 0, 0, 0, 0, 0, 0, 121, 16),

(1059, 'ADMIN', 'ADMIN', '2022-09-06 00:00:10', '2022-09-06 00:00:10', 0, 0, 0, 0, 0, 0, 122, 1),
(1060, 'ADMIN', 'ADMIN', '2022-09-06 00:00:10', '2022-09-06 00:00:10', 0, 0, 0, 0, 0, 0, 122, 2),
(1061, 'ADMIN', 'ADMIN', '2022-09-06 00:00:10', '2022-09-06 00:00:10', 0, 0, 0, 0, 0, 0, 122, 3),
(1062, 'ADMIN', 'ADMIN', '2022-09-06 00:00:10', '2022-09-06 00:00:10', 0, 0, 0, 0, 0, 0, 122, 4),
(1063, 'ADMIN', 'ADMIN', '2022-09-06 00:00:10', '2022-09-06 00:00:10', 0, 0, 0, 0, 0, 0, 122, 5),
(1064, 'ADMIN', 'ADMIN', '2022-09-06 00:00:10', '2022-09-06 00:00:10', 0, 0, 0, 0, 0, 0, 122, 6),
(1065, 'ADMIN', 'ADMIN', '2022-09-06 00:00:10', '2022-09-06 00:00:10', 0, 0, 0, 0, 0, 0, 122, 7),
(1066, 'ADMIN', 'ADMIN', '2022-09-06 00:00:10', '2022-09-06 00:00:10', 0, 0, 0, 0, 0, 0, 122, 8),
(1067, 'ADMIN', 'ADMIN', '2022-09-06 00:00:10', '2022-09-06 00:00:10', 0, 0, 0, 0, 0, 0, 122, 9),
(1068, 'ADMIN', 'ADMIN', '2022-09-06 00:00:10', '2022-09-06 00:00:10', 0, 0, 0, 0, 0, 0, 122, 10),
(1069, 'ADMIN', 'ADMIN', '2022-09-06 00:00:10', '2022-09-06 00:00:10', 0, 0, 0, 0, 0, 0, 122, 11),
(1070, 'ADMIN', 'ADMIN', '2022-09-06 00:00:10', '2022-09-06 00:00:10', 0, 0, 0, 0, 0, 0, 122, 12),
(1071, 'ADMIN', 'ADMIN', '2022-09-06 00:00:10', '2022-09-06 00:00:10', 0, 0, 0, 0, 0, 0, 122, 13),
(1072, 'ADMIN', 'ADMIN', '2022-09-06 00:00:10', '2022-09-06 00:00:10', 0, 0, 0, 0, 0, 0, 122, 14),
(1073, 'ADMIN', 'ADMIN', '2022-09-06 00:00:10', '2022-09-06 00:00:10', 0, 0, 0, 0, 0, 0, 122, 15),
(1074, 'ADMIN', 'ADMIN', '2022-09-06 00:00:10', '2022-09-06 00:00:10', 0, 0, 0, 0, 0, 0, 122, 16),

(1075, 'ADMIN', 'ADMIN', '2022-09-06 00:00:10', '2022-09-06 00:00:10', 0, 0, 0, 0, 0, 0, 123, 1),
(1076, 'ADMIN', 'ADMIN', '2022-09-06 00:00:10', '2022-09-06 00:00:10', 0, 0, 0, 0, 0, 0, 123, 2),
(1077, 'ADMIN', 'ADMIN', '2022-09-06 00:00:10', '2022-09-06 00:00:10', 0, 0, 0, 0, 0, 0, 123, 3),
(1078, 'ADMIN', 'ADMIN', '2022-09-06 00:00:10', '2022-09-06 00:00:10', 0, 0, 0, 0, 0, 0, 123, 4),
(1079, 'ADMIN', 'ADMIN', '2022-09-06 00:00:10', '2022-09-06 00:00:10', 0, 0, 0, 0, 0, 0, 123, 5),
(1080, 'ADMIN', 'ADMIN', '2022-09-06 00:00:10', '2022-09-06 00:00:10', 0, 0, 0, 0, 0, 0, 123, 6),
(1081, 'ADMIN', 'ADMIN', '2022-09-06 00:00:10', '2022-09-06 00:00:10', 0, 0, 0, 0, 0, 0, 123, 7),
(1082, 'ADMIN', 'ADMIN', '2022-09-06 00:00:10', '2022-09-06 00:00:10', 0, 0, 0, 0, 0, 0, 123, 8),
(1083, 'ADMIN', 'ADMIN', '2022-09-06 00:00:10', '2022-09-06 00:00:10', 0, 0, 0, 0, 0, 0, 123, 9),
(1084, 'ADMIN', 'ADMIN', '2022-09-06 00:00:10', '2022-09-06 00:00:10', 0, 0, 0, 0, 0, 0, 123, 10),
(1085, 'ADMIN', 'ADMIN', '2022-09-06 00:00:10', '2022-09-06 00:00:10', 0, 0, 0, 0, 0, 0, 123, 11),
(1086, 'ADMIN', 'ADMIN', '2022-09-06 00:00:10', '2022-09-06 00:00:10', 0, 0, 0, 0, 0, 0, 123, 12),
(1087, 'ADMIN', 'ADMIN', '2022-09-06 00:00:10', '2022-09-06 00:00:10', 0, 0, 0, 0, 0, 0, 123, 13),
(1088, 'ADMIN', 'ADMIN', '2022-09-06 00:00:10', '2022-09-06 00:00:10', 0, 0, 0, 0, 0, 0, 123, 14),
(1089, 'ADMIN', 'ADMIN', '2022-09-06 00:00:10', '2022-09-06 00:00:10', 0, 0, 0, 0, 0, 0, 123, 15),
(1090, 'ADMIN', 'ADMIN', '2022-09-06 00:00:10', '2022-09-06 00:00:10', 0, 0, 0, 0, 0, 0, 123, 16);


INSERT INTO attendance (attendance_id, update_id, create_id, created_at, updated_at, check_in_status, check_out_status, calendar_id, user_id) VALUES
(1, 'ADMIN', 'ADMIN', '2022-08-26 14:44:45', '2022-08-26 14:44:45', 'PRESENT', 'PRESENT', 57, 1),
(2, 'ADMIN', 'ADMIN', '2022-08-26 14:44:45', '2022-08-26 14:44:45', 'PRESENT', 'PRESENT', 57, 2),
(3, 'ADMIN', 'ADMIN', '2022-08-26 14:44:45', '2022-08-26 14:44:45', 'PRESENT', 'PRESENT', 57, 3),
(4, 'ADMIN', 'ADMIN', '2022-08-26 14:44:45', '2022-08-26 14:44:45', 'PRESENT', 'PRESENT', 57, 4),
(5, 'ADMIN', 'ADMIN', '2022-08-26 14:45:04', '2022-08-26 14:45:04', 'PRESENT', 'PRESENT', 57, 5),
(6, 'ADMIN', 'ADMIN', '2022-08-26 14:45:15', '2022-08-26 14:45:15', 'PRESENT', 'PRESENT', 57, 6),
(7, 'ADMIN', 'ADMIN', '2022-08-26 14:45:27', '2022-08-26 14:45:27', 'PRESENT', 'PRESENT', 57, 7),
(8, 'ADMIN', 'ADMIN', '2022-08-26 14:46:02', '2022-08-26 14:46:02', 'PRESENT', 'PRESENT', 57, 8),
(9, 'ADMIN', 'ADMIN', '2022-08-26 14:46:14', '2022-08-26 14:46:14', 'TARDY', 'PRESENT', 57, 9),
(10, 'ADMIN', 'ADMIN', '2022-08-26 14:46:24', '2022-08-26 14:46:24', 'PRESENT', 'PRESENT', 57, 10),
(11, 'ADMIN', 'ADMIN', '2022-08-26 14:46:34', '2022-08-26 14:46:34', 'PRESENT', 'PRESENT', 57, 11),
(12, 'ADMIN', 'ADMIN', '2022-08-26 14:46:50', '2022-08-26 14:46:50', 'PRESENT', 'PRESENT', 57, 12),
(13, 'ADMIN', 'ADMIN', '2022-08-26 14:47:03', '2022-08-26 14:47:03', 'PRESENT', 'PRESENT', 57, 13),
(14, 'ADMIN', 'ADMIN', '2022-08-26 14:47:15', '2022-08-26 14:47:15', 'PRESENT', 'PRESENT', 57, 14),
(15, 'ADMIN', 'ADMIN', '2022-08-26 14:47:23', '2022-08-26 14:47:23', 'TARDY', 'PRESENT', 57, 15),
(16, 'ADMIN', 'ADMIN', '2022-08-26 14:49:56', '2022-08-26 14:49:56', 'PRESENT', 'PRESENT', 57, 16),
(17, 'ADMIN', 'ADMIN', '2022-08-27 00:00:10', '2022-08-27 00:00:10', 'PRESENT', 'PRESENT', 58, 1),
(18, 'ADMIN', 'ADMIN', '2022-08-27 00:00:10', '2022-08-27 00:00:10', 'PRESENT', 'PRESENT', 58, 2),
(19, 'ADMIN', 'ADMIN', '2022-08-27 00:00:10', '2022-08-27 00:00:10', 'PRESENT', 'PRESENT', 58, 3),
(20, 'ADMIN', 'ADMIN', '2022-08-27 00:00:10', '2022-08-27 00:00:10', 'PRESENT', 'PRESENT', 58, 4),
(21, 'ADMIN', 'ADMIN', '2022-08-27 00:00:10', '2022-08-27 00:00:10', 'PRESENT', 'PRESENT', 58, 5),
(22, 'ADMIN', 'ADMIN', '2022-08-27 00:00:10', '2022-08-27 00:00:10', 'PRESENT', 'PRESENT', 58, 6),
(23, 'ADMIN', 'ADMIN', '2022-08-27 00:00:10', '2022-08-27 00:00:10', 'PRESENT', 'PRESENT', 58, 7),
(24, 'ADMIN', 'ADMIN', '2022-08-27 00:00:10', '2022-08-27 00:00:10', 'PRESENT', 'PRESENT', 58, 8),
(25, 'ADMIN', 'ADMIN', '2022-08-27 00:00:10', '2022-08-27 00:00:10', 'PRESENT', 'PRESENT', 58, 9),
(26, 'ADMIN', 'ADMIN', '2022-08-27 00:00:10', '2022-08-27 00:00:10', 'ABSENT', 'PRESENT', 58, 10),
(27, 'ADMIN', 'ADMIN', '2022-08-27 00:00:10', '2022-08-27 00:00:10', 'PRESENT', 'PRESENT', 58, 11),
(28, 'ADMIN', 'ADMIN', '2022-08-27 00:00:10', '2022-08-27 00:00:10', 'PRESENT', 'PRESENT', 58, 12),
(29, 'ADMIN', 'ADMIN', '2022-08-27 00:00:10', '2022-08-27 00:00:10', 'PRESENT', 'PRESENT', 58, 13),
(30, 'ADMIN', 'ADMIN', '2022-08-27 00:00:10', '2022-08-27 00:00:10', 'PRESENT', 'PRESENT', 58, 14),
(31, 'ADMIN', 'ADMIN', '2022-08-27 00:00:10', '2022-08-27 00:00:10', 'PRESENT', 'PRESENT', 58, 15),
(32, 'ADMIN', 'ADMIN', '2022-08-27 00:00:10', '2022-08-27 00:00:10', 'PRESENT', 'PRESENT', 58, 16),
(33, 'ADMIN', 'ADMIN', '2022-08-28 00:00:10', '2022-08-28 00:00:10', 'PRESENT', 'PRESENT', 59, 1),
(34, 'ADMIN', 'ADMIN', '2022-08-28 00:00:10', '2022-08-28 00:00:10', 'PRESENT', 'PRESENT', 59, 2),
(35, 'ADMIN', 'ADMIN', '2022-08-28 00:00:10', '2022-08-28 00:00:10', 'PRESENT', 'PRESENT', 59, 3),
(36, 'ADMIN', 'ADMIN', '2022-08-28 00:00:10', '2022-08-28 00:00:10', 'PRESENT', 'PRESENT', 59, 4),
(37, 'ADMIN', 'ADMIN', '2022-08-28 00:00:10', '2022-08-28 00:00:10', 'PRESENT', 'PRESENT', 59, 5),
(38, 'ADMIN', 'ADMIN', '2022-08-28 00:00:10', '2022-08-28 00:00:10', 'PRESENT', 'PRESENT', 59, 6),
(39, 'ADMIN', 'ADMIN', '2022-08-28 00:00:10', '2022-08-28 00:00:10', 'PRESENT', 'PRESENT', 59, 7),
(40, 'ADMIN', 'ADMIN', '2022-08-28 00:00:10', '2022-08-28 00:00:10', 'PRESENT', 'PRESENT', 59, 8),
(41, 'ADMIN', 'ADMIN', '2022-08-28 00:00:10', '2022-08-28 00:00:10', 'PRESENT', 'PRESENT', 59, 9),
(42, 'ADMIN', 'ADMIN', '2022-08-28 00:00:10', '2022-08-28 00:00:10', 'PRESENT', 'PRESENT', 59, 10),
(43, 'ADMIN', 'ADMIN', '2022-08-28 00:00:10', '2022-08-28 00:00:10', 'PRESENT', 'PRESENT', 59, 11),
(44, 'ADMIN', 'ADMIN', '2022-08-28 00:00:10', '2022-08-28 00:00:10', 'PRESENT', 'PRESENT', 59, 12),
(45, 'ADMIN', 'ADMIN', '2022-08-28 00:00:10', '2022-08-28 00:00:10', 'PRESENT', 'PRESENT', 59, 13),
(46, 'ADMIN', 'ADMIN', '2022-08-28 00:00:10', '2022-08-28 00:00:10', 'PRESENT', 'PRESENT', 59, 14),
(47, 'ADMIN', 'ADMIN', '2022-08-28 00:00:10', '2022-08-28 00:00:10', 'PRESENT', 'PRESENT', 59, 15),
(48, 'ADMIN', 'ADMIN', '2022-08-28 00:00:10', '2022-08-28 00:00:10', 'PRESENT', 'PRESENT', 59, 16),
(49, 'ADMIN', 'ADMIN', '2022-08-29 00:00:10', '2022-08-29 00:00:10', 'PRESENT', 'PRESENT', 60, 1),
(50, 'ADMIN', 'ADMIN', '2022-08-29 00:00:10', '2022-08-29 00:00:10', 'PRESENT', 'PRESENT', 60, 2),
(51, 'ADMIN', 'ADMIN', '2022-08-29 00:00:10', '2022-08-29 00:00:10', 'PRESENT', 'PRESENT', 60, 3),
(52, 'ADMIN', 'ADMIN', '2022-08-29 00:00:10', '2022-08-29 00:00:10', 'PRESENT', 'PRESENT', 60, 4),
(53, 'ADMIN', 'ADMIN', '2022-08-29 00:00:10', '2022-08-29 00:00:10', 'PRESENT', 'PRESENT', 60, 5),
(54, 'ADMIN', 'ADMIN', '2022-08-29 00:00:10', '2022-08-29 00:00:10', 'PRESENT', 'PRESENT', 60, 6),
(55, 'ADMIN', 'ADMIN', '2022-08-29 00:00:10', '2022-08-29 00:00:10', 'PRESENT', 'PRESENT', 60, 7),
(56, 'ADMIN', 'ADMIN', '2022-08-29 00:00:10', '2022-08-29 00:00:10', 'PRESENT', 'PRESENT', 60, 8),
(57, 'ADMIN', 'ADMIN', '2022-08-29 00:00:10', '2022-08-29 00:00:10', 'PRESENT', 'PRESENT', 60, 9),
(58, 'ADMIN', 'ADMIN', '2022-08-29 00:00:10', '2022-08-29 00:00:10', 'PRESENT', 'PRESENT', 60, 10),
(59, 'ADMIN', 'ADMIN', '2022-08-29 00:00:10', '2022-08-29 00:00:10', 'PRESENT', 'PRESENT', 60, 11),
(60, 'ADMIN', 'ADMIN', '2022-08-29 00:00:10', '2022-08-29 00:00:10', 'PRESENT', 'PRESENT', 60, 12),
(61, 'ADMIN', 'ADMIN', '2022-08-29 00:00:10', '2022-08-29 00:00:10', 'PRESENT', 'PRESENT', 60, 13),
(62, 'ADMIN', 'ADMIN', '2022-08-29 00:00:10', '2022-08-29 00:00:10', 'PRESENT', 'PRESENT', 60, 14),
(63, 'ADMIN', 'ADMIN', '2022-08-29 00:00:10', '2022-08-29 00:00:10', 'PRESENT', 'PRESENT', 60, 15),
(64, 'ADMIN', 'ADMIN', '2022-08-29 00:00:10', '2022-08-29 00:00:10', 'PRESENT', 'PRESENT', 60, 16),

(65, 'ADMIN', 'ADMIN', '2022-08-30 00:00:10', '2022-08-30 00:00:10', 'PRESENT', 'PRESENT', 61, 1),
(66, 'ADMIN', 'ADMIN', '2022-08-30 00:00:10', '2022-08-30 00:00:10', 'PRESENT', 'PRESENT', 61, 2),
(67, 'ADMIN', 'ADMIN', '2022-08-30 00:00:10', '2022-08-30 00:00:10', 'PRESENT', 'PRESENT', 61, 3),
(68, 'ADMIN', 'ADMIN', '2022-08-30 00:00:10', '2022-08-30 00:00:10', 'PRESENT', 'PRESENT', 61, 4),
(69, 'ADMIN', 'ADMIN', '2022-08-30 00:00:10', '2022-08-30 00:00:10', 'PRESENT', 'PRESENT', 61, 5),
(70, 'ADMIN', 'ADMIN', '2022-08-30 00:00:10', '2022-08-30 00:00:10', 'PRESENT', 'PRESENT', 61, 6),
(71, 'ADMIN', 'ADMIN', '2022-08-30 00:00:10', '2022-08-30 00:00:10', 'PRESENT', 'PRESENT', 61, 7),
(72, 'ADMIN', 'ADMIN', '2022-08-30 00:00:10', '2022-08-30 00:00:10', 'PRESENT', 'PRESENT', 61, 8),
(73, 'ADMIN', 'ADMIN', '2022-08-30 00:00:10', '2022-08-30 00:00:10', 'PRESENT', 'PRESENT', 61, 9),
(74, 'ADMIN', 'ADMIN', '2022-08-30 00:00:10', '2022-08-30 00:00:10', 'PRESENT', 'PRESENT', 61, 10),
(75, 'ADMIN', 'ADMIN', '2022-08-30 00:00:10', '2022-08-30 00:00:10', 'PRESENT', 'PRESENT', 61, 11),
(76, 'ADMIN', 'ADMIN', '2022-08-30 00:00:10', '2022-08-30 00:00:10', 'PRESENT', 'PRESENT', 61, 12),
(77, 'ADMIN', 'ADMIN', '2022-08-30 00:00:10', '2022-08-30 00:00:10', 'PRESENT', 'PRESENT', 61, 13),
(78, 'ADMIN', 'ADMIN', '2022-08-30 00:00:10', '2022-08-30 00:00:10', 'PRESENT', 'PRESENT', 61, 14),
(79, 'ADMIN', 'ADMIN', '2022-08-30 00:00:10', '2022-08-30 00:00:10', 'PRESENT', 'PRESENT', 61, 15),
(80, 'ADMIN', 'ADMIN', '2022-08-30 00:00:10', '2022-08-30 00:00:10', 'PRESENT', 'PRESENT', 61, 16),

(81, 'ADMIN', 'ADMIN', '2022-08-31 00:00:10', '2022-08-31 00:00:10', 'PRESENT', 'PRESENT', 62, 1),
(82, 'ADMIN', 'ADMIN', '2022-08-31 00:00:10', '2022-08-31 00:00:10', 'PRESENT', 'PRESENT', 62, 2),
(83, 'ADMIN', 'ADMIN', '2022-08-31 00:00:10', '2022-08-31 00:00:10', 'PRESENT', 'PRESENT', 62, 3),
(84, 'ADMIN', 'ADMIN', '2022-08-31 00:00:10', '2022-08-31 00:00:10', 'PRESENT', 'PRESENT', 62, 4),
(85, 'ADMIN', 'ADMIN', '2022-08-31 00:00:10', '2022-08-31 00:00:10', 'PRESENT', 'PRESENT', 62, 5),
(86, 'ADMIN', 'ADMIN', '2022-08-31 00:00:10', '2022-08-31 00:00:10', 'PRESENT', 'PRESENT', 62, 6),
(87, 'ADMIN', 'ADMIN', '2022-08-31 00:00:10', '2022-08-31 00:00:10', 'PRESENT', 'PRESENT', 62, 7),
(88, 'ADMIN', 'ADMIN', '2022-08-31 00:00:10', '2022-08-31 00:00:10', 'PRESENT', 'PRESENT', 62, 8),
(89, 'ADMIN', 'ADMIN', '2022-08-31 00:00:10', '2022-08-31 00:00:10', 'PRESENT', 'PRESENT', 62, 9),
(90, 'ADMIN', 'ADMIN', '2022-08-31 00:00:10', '2022-08-31 00:00:10', 'PRESENT', 'PRESENT', 62, 10),
(91, 'ADMIN', 'ADMIN', '2022-08-31 00:00:10', '2022-08-31 00:00:10', 'PRESENT', 'PRESENT', 62, 11),
(92, 'ADMIN', 'ADMIN', '2022-08-31 00:00:10', '2022-08-31 00:00:10', 'PRESENT', 'PRESENT', 62, 12),
(93, 'ADMIN', 'ADMIN', '2022-08-31 00:00:10', '2022-08-31 00:00:10', 'PRESENT', 'PRESENT', 62, 13),
(94, 'ADMIN', 'ADMIN', '2022-08-31 00:00:10', '2022-08-31 00:00:10', 'PRESENT', 'PRESENT', 62, 14),
(95, 'ADMIN', 'ADMIN', '2022-08-31 00:00:10', '2022-08-31 00:00:10', 'PRESENT', 'PRESENT', 62, 15),
(96, 'ADMIN', 'ADMIN', '2022-08-31 00:00:10', '2022-08-31 00:00:10', 'PRESENT', 'PRESENT', 62, 16),

(97, 'ADMIN', 'ADMIN', '2022-09-01 00:00:10', '2022-09-01 00:00:10', 'PRESENT', 'PRESENT', 63, 1),
(98, 'ADMIN', 'ADMIN', '2022-09-01 00:00:10', '2022-09-01 00:00:10', 'PRESENT', 'PRESENT', 63, 2),
(99, 'ADMIN', 'ADMIN', '2022-09-01 00:00:10', '2022-09-01 00:00:10', 'PRESENT', 'PRESENT', 63, 3),
(100, 'ADMIN', 'ADMIN', '2022-09-01 00:00:10', '2022-09-01 00:00:10', 'PRESENT', 'PRESENT', 63, 4),
(101, 'ADMIN', 'ADMIN', '2022-09-01 00:00:10', '2022-09-01 00:00:10', 'PRESENT', 'PRESENT', 63, 5),
(102, 'ADMIN', 'ADMIN', '2022-09-01 00:00:10', '2022-09-01 00:00:10', 'PRESENT', 'PRESENT', 63, 6),
(103, 'ADMIN', 'ADMIN', '2022-09-01 00:00:10', '2022-09-01 00:00:10', 'PRESENT', 'PRESENT', 63, 7),
(104, 'ADMIN', 'ADMIN', '2022-09-01 00:00:10', '2022-09-01 00:00:10', 'PRESENT', 'PRESENT', 63, 8),
(105, 'ADMIN', 'ADMIN', '2022-09-01 00:00:10', '2022-09-01 00:00:10', 'PRESENT', 'PRESENT', 63, 9),
(106, 'ADMIN', 'ADMIN', '2022-09-01 00:00:10', '2022-09-01 00:00:10', 'PRESENT', 'PRESENT', 63, 10),
(107, 'ADMIN', 'ADMIN', '2022-09-01 00:00:10', '2022-09-01 00:00:10', 'PRESENT', 'PRESENT', 63, 11),
(108, 'ADMIN', 'ADMIN', '2022-09-01 00:00:10', '2022-09-01 00:00:10', 'PRESENT', 'PRESENT', 63, 12),
(109, 'ADMIN', 'ADMIN', '2022-09-01 00:00:10', '2022-09-01 00:00:10', 'PRESENT', 'PRESENT', 63, 13),
(110, 'ADMIN', 'ADMIN', '2022-09-01 00:00:10', '2022-09-01 00:00:10', 'PRESENT', 'PRESENT', 63, 14),
(111, 'ADMIN', 'ADMIN', '2022-09-01 00:00:10', '2022-09-01 00:00:10', 'PRESENT', 'PRESENT', 63, 15),
(112, 'ADMIN', 'ADMIN', '2022-09-01 00:00:10', '2022-09-01 00:00:10', 'PRESENT', 'PRESENT', 63, 16),

(113, 'ADMIN', 'ADMIN', '2022-09-02 00:00:10', '2022-09-02 00:00:10', 'PRESENT', 'PRESENT', 64, 1),
(114, 'ADMIN', 'ADMIN', '2022-09-02 00:00:10', '2022-09-02 00:00:10', 'PRESENT', 'PRESENT', 64, 2),
(115, 'ADMIN', 'ADMIN', '2022-09-02 00:00:10', '2022-09-02 00:00:10', 'PRESENT', 'PRESENT', 64, 3),
(116, 'ADMIN', 'ADMIN', '2022-09-02 00:00:10', '2022-09-02 00:00:10', 'PRESENT', 'PRESENT', 64, 4),
(117, 'ADMIN', 'ADMIN', '2022-09-02 00:00:10', '2022-09-02 00:00:10', 'PRESENT', 'PRESENT', 64, 5),
(118, 'ADMIN', 'ADMIN', '2022-09-02 00:00:10', '2022-09-02 00:00:10', 'PRESENT', 'PRESENT', 64, 6),
(119, 'ADMIN', 'ADMIN', '2022-09-02 00:00:10', '2022-09-02 00:00:10', 'PRESENT', 'PRESENT', 64, 7),
(120, 'ADMIN', 'ADMIN', '2022-09-02 00:00:10', '2022-09-02 00:00:10', 'PRESENT', 'PRESENT', 64, 8),
(121, 'ADMIN', 'ADMIN', '2022-09-02 00:00:10', '2022-09-02 00:00:10', 'PRESENT', 'PRESENT', 64, 9),
(122, 'ADMIN', 'ADMIN', '2022-09-02 00:00:10', '2022-09-02 00:00:10', 'PRESENT', 'PRESENT', 64, 10),
(123, 'ADMIN', 'ADMIN', '2022-09-02 00:00:10', '2022-09-02 00:00:10', 'PRESENT', 'PRESENT', 64, 11),
(124, 'ADMIN', 'ADMIN', '2022-09-02 00:00:10', '2022-09-02 00:00:10', 'PRESENT', 'PRESENT', 64, 12),
(125, 'ADMIN', 'ADMIN', '2022-09-02 00:00:10', '2022-09-02 00:00:10', 'PRESENT', 'PRESENT', 64, 13),
(126, 'ADMIN', 'ADMIN', '2022-09-02 00:00:10', '2022-09-02 00:00:10', 'PRESENT', 'PRESENT', 64, 14),
(127, 'ADMIN', 'ADMIN', '2022-09-02 00:00:10', '2022-09-02 00:00:10', 'PRESENT', 'PRESENT', 64, 15),
(128, 'ADMIN', 'ADMIN', '2022-09-02 00:00:10', '2022-09-02 00:00:10', 'PRESENT', 'PRESENT', 64, 16),

(129, 'ADMIN', 'ADMIN', '2022-09-03 00:00:10', '2022-09-03 00:00:10', 'PRESENT', 'PRESENT', 65, 1),
(130, 'ADMIN', 'ADMIN', '2022-09-03 00:00:10', '2022-09-03 00:00:10', 'PRESENT', 'PRESENT', 65, 2),
(131, 'ADMIN', 'ADMIN', '2022-09-03 00:00:10', '2022-09-03 00:00:10', 'PRESENT', 'PRESENT', 65, 3),
(132, 'ADMIN', 'ADMIN', '2022-09-03 00:00:10', '2022-09-03 00:00:10', 'PRESENT', 'PRESENT', 65, 4),
(133, 'ADMIN', 'ADMIN', '2022-09-03 00:00:10', '2022-09-03 00:00:10', 'PRESENT', 'PRESENT', 65, 5),
(134, 'ADMIN', 'ADMIN', '2022-09-03 00:00:10', '2022-09-03 00:00:10', 'PRESENT', 'PRESENT', 65, 6),
(135, 'ADMIN', 'ADMIN', '2022-09-03 00:00:10', '2022-09-03 00:00:10', 'PRESENT', 'PRESENT', 65, 7),
(136, 'ADMIN', 'ADMIN', '2022-09-03 00:00:10', '2022-09-03 00:00:10', 'PRESENT', 'PRESENT', 65, 8),
(137, 'ADMIN', 'ADMIN', '2022-09-03 00:00:10', '2022-09-03 00:00:10', 'PRESENT', 'PRESENT', 65, 9),
(138, 'ADMIN', 'ADMIN', '2022-09-03 00:00:10', '2022-09-03 00:00:10', 'PRESENT', 'PRESENT', 65, 10),
(139, 'ADMIN', 'ADMIN', '2022-09-03 00:00:10', '2022-09-03 00:00:10', 'PRESENT', 'PRESENT', 65, 11),
(140, 'ADMIN', 'ADMIN', '2022-09-03 00:00:10', '2022-09-03 00:00:10', 'PRESENT', 'PRESENT', 65, 12),
(141, 'ADMIN', 'ADMIN', '2022-09-03 00:00:10', '2022-09-03 00:00:10', 'PRESENT', 'PRESENT', 65, 13),
(142, 'ADMIN', 'ADMIN', '2022-09-03 00:00:10', '2022-09-03 00:00:10', 'PRESENT', 'PRESENT', 65, 14),
(143, 'ADMIN', 'ADMIN', '2022-09-03 00:00:10', '2022-09-03 00:00:10', 'PRESENT', 'PRESENT', 65, 15),
(144, 'ADMIN', 'ADMIN', '2022-09-03 00:00:10', '2022-09-03 00:00:10', 'PRESENT', 'PRESENT', 65, 16),

(145, 'ADMIN', 'ADMIN', '2022-09-04 00:00:10', '2022-09-04 00:00:10', 'PRESENT', 'PRESENT', 66, 1),
(146, 'ADMIN', 'ADMIN', '2022-09-04 00:00:10', '2022-09-04 00:00:10', 'PRESENT', 'PRESENT', 66, 2),
(147, 'ADMIN', 'ADMIN', '2022-09-04 00:00:10', '2022-09-04 00:00:10', 'PRESENT', 'PRESENT', 66, 3),
(148, 'ADMIN', 'ADMIN', '2022-09-04 00:00:10', '2022-09-04 00:00:10', 'PRESENT', 'PRESENT', 66, 4),
(149, 'ADMIN', 'ADMIN', '2022-09-04 00:00:10', '2022-09-04 00:00:10', 'PRESENT', 'PRESENT', 66, 5),
(150, 'ADMIN', 'ADMIN', '2022-09-04 00:00:10', '2022-09-04 00:00:10', 'PRESENT', 'PRESENT', 66, 6),
(151, 'ADMIN', 'ADMIN', '2022-09-04 00:00:10', '2022-09-04 00:00:10', 'PRESENT', 'PRESENT', 66, 7),
(152, 'ADMIN', 'ADMIN', '2022-09-04 00:00:10', '2022-09-04 00:00:10', 'PRESENT', 'PRESENT', 66, 8),
(153, 'ADMIN', 'ADMIN', '2022-09-04 00:00:10', '2022-09-04 00:00:10', 'PRESENT', 'PRESENT', 66, 9),
(154, 'ADMIN', 'ADMIN', '2022-09-04 00:00:10', '2022-09-04 00:00:10', 'PRESENT', 'PRESENT', 66, 10),
(155, 'ADMIN', 'ADMIN', '2022-09-04 00:00:10', '2022-09-04 00:00:10', 'PRESENT', 'PRESENT', 66, 11),
(156, 'ADMIN', 'ADMIN', '2022-09-04 00:00:10', '2022-09-04 00:00:10', 'PRESENT', 'PRESENT', 66, 12),
(157, 'ADMIN', 'ADMIN', '2022-09-04 00:00:10', '2022-09-04 00:00:10', 'PRESENT', 'PRESENT', 66, 13),
(158, 'ADMIN', 'ADMIN', '2022-09-04 00:00:10', '2022-09-04 00:00:10', 'PRESENT', 'PRESENT', 66, 14),
(159, 'ADMIN', 'ADMIN', '2022-09-04 00:00:10', '2022-09-04 00:00:10', 'PRESENT', 'PRESENT', 66, 15),
(160, 'ADMIN', 'ADMIN', '2022-09-04 00:00:10', '2022-09-04 00:00:10', 'PRESENT', 'PRESENT', 66, 16),

(161, 'ADMIN', 'ADMIN', '2022-09-05 00:00:10', '2022-09-05 00:00:10', 'PRESENT', 'PRESENT', 67, 1),
(162, 'ADMIN', 'ADMIN', '2022-09-05 00:00:10', '2022-09-05 00:00:10', 'PRESENT', 'PRESENT', 67, 2),
(163, 'ADMIN', 'ADMIN', '2022-09-05 00:00:10', '2022-09-05 00:00:10', 'PRESENT', 'PRESENT', 67, 3),
(164, 'ADMIN', 'ADMIN', '2022-09-05 00:00:10', '2022-09-05 00:00:10', 'PRESENT', 'PRESENT', 67, 4),
(165, 'ADMIN', 'ADMIN', '2022-09-05 00:00:10', '2022-09-05 00:00:10', 'PRESENT', 'PRESENT', 67, 5),
(166, 'ADMIN', 'ADMIN', '2022-09-05 00:00:10', '2022-09-05 00:00:10', 'PRESENT', 'PRESENT', 67, 6),
(167, 'ADMIN', 'ADMIN', '2022-09-05 00:00:10', '2022-09-05 00:00:10', 'PRESENT', 'PRESENT', 67, 7),
(168, 'ADMIN', 'ADMIN', '2022-09-05 00:00:10', '2022-09-05 00:00:10', 'PRESENT', 'PRESENT', 67, 8),
(169, 'ADMIN', 'ADMIN', '2022-09-05 00:00:10', '2022-09-05 00:00:10', 'PRESENT', 'PRESENT', 67, 9),
(170, 'ADMIN', 'ADMIN', '2022-09-05 00:00:10', '2022-09-05 00:00:10', 'PRESENT', 'PRESENT', 67, 10),
(171, 'ADMIN', 'ADMIN', '2022-09-05 00:00:10', '2022-09-05 00:00:10', 'PRESENT', 'PRESENT', 67, 11),
(172, 'ADMIN', 'ADMIN', '2022-09-05 00:00:10', '2022-09-05 00:00:10', 'PRESENT', 'PRESENT', 67, 12),
(173, 'ADMIN', 'ADMIN', '2022-09-05 00:00:10', '2022-09-05 00:00:10', 'PRESENT', 'PRESENT', 67, 13),
(174, 'ADMIN', 'ADMIN', '2022-09-05 00:00:10', '2022-09-05 00:00:10', 'PRESENT', 'PRESENT', 67, 14),
(175, 'ADMIN', 'ADMIN', '2022-09-05 00:00:10', '2022-09-05 00:00:10', 'PRESENT', 'PRESENT', 67, 15),
(176, 'ADMIN', 'ADMIN', '2022-09-05 00:00:10', '2022-09-05 00:00:10', 'PRESENT', 'PRESENT', 67, 16),

(177, 'ADMIN', 'ADMIN', '2022-09-06 00:00:10', '2022-09-06 00:00:10', 'PRESENT', 'PRESENT', 68, 1),
(178, 'ADMIN', 'ADMIN', '2022-09-06 00:00:10', '2022-09-06 00:00:10', 'PRESENT', 'PRESENT', 68, 2),
(179, 'ADMIN', 'ADMIN', '2022-09-06 00:00:10', '2022-09-06 00:00:10', 'PRESENT', 'PRESENT', 68, 3),
(180, 'ADMIN', 'ADMIN', '2022-09-06 00:00:10', '2022-09-06 00:00:10', 'PRESENT', 'PRESENT', 68, 4),
(181, 'ADMIN', 'ADMIN', '2022-09-06 00:00:10', '2022-09-06 00:00:10', 'PRESENT', 'PRESENT', 68, 5),
(182, 'ADMIN', 'ADMIN', '2022-09-06 00:00:10', '2022-09-06 00:00:10', 'PRESENT', 'PRESENT', 68, 6),
(183, 'ADMIN', 'ADMIN', '2022-09-06 00:00:10', '2022-09-06 00:00:10', 'PRESENT', 'PRESENT', 68, 7),
(184, 'ADMIN', 'ADMIN', '2022-09-06 00:00:10', '2022-09-06 00:00:10', 'PRESENT', 'PRESENT', 68, 8),
(185, 'ADMIN', 'ADMIN', '2022-09-06 00:00:10', '2022-09-06 00:00:10', 'PRESENT', 'PRESENT', 68, 9),
(186, 'ADMIN', 'ADMIN', '2022-09-06 00:00:10', '2022-09-06 00:00:10', 'PRESENT', 'PRESENT', 68, 10),
(187, 'ADMIN', 'ADMIN', '2022-09-06 00:00:10', '2022-09-06 00:00:10', 'PRESENT', 'PRESENT', 68, 11),
(188, 'ADMIN', 'ADMIN', '2022-09-06 00:00:10', '2022-09-06 00:00:10', 'PRESENT', 'PRESENT', 68, 12),
(189, 'ADMIN', 'ADMIN', '2022-09-06 00:00:10', '2022-09-06 00:00:10', 'PRESENT', 'PRESENT', 68, 13),
(190, 'ADMIN', 'ADMIN', '2022-09-06 00:00:10', '2022-09-06 00:00:10', 'PRESENT', 'PRESENT', 68, 14),
(191, 'ADMIN', 'ADMIN', '2022-09-06 00:00:10', '2022-09-06 00:00:10', 'PRESENT', 'PRESENT', 68, 15),
(192, 'ADMIN', 'ADMIN', '2022-09-06 00:00:10', '2022-09-06 00:00:10', 'PRESENT', 'PRESENT', 68, 16);

INSERT INTO vacation (vacation_id, update_id, create_id, created_at, updated_at, added_days, reason, remaining_days, used_days, user_id) VALUES
(1, 'ADMIN', 'ADMIN', '2022-08-26 14:56:13', '2022-08-26 14:56:13', 2, '', 2, 0, 7),
(2, 'ADMIN', 'ADMIN', '2022-08-26 14:57:04', '2022-08-26 14:57:04', 0, '', 1, 1, 7),
(3, 'ADMIN', 'ADMIN', '2022-08-26 15:01:11', '2022-08-26 15:01:11', 2, '', 2, 0, 3),
(4, 'ADMIN', 'ADMIN', '2022-08-26 15:01:29', '2022-08-26 15:01:29', 2, '', 2, 0, 5),
(5, 'ADMIN', 'ADMIN', '2022-08-26 15:01:36', '2022-08-26 15:01:36', 0, '', 1, 1, 5),
(6, 'ADMIN', 'ADMIN', '2022-08-26 15:01:52', '2022-08-26 15:01:52', 1, '', 1, 0, 6),
(7, 'ADMIN', 'ADMIN', '2022-08-26 15:02:04', '2022-08-26 15:02:04', 3, '', 3, 0, 8),
(8, 'ADMIN', 'ADMIN', '2022-08-26 15:02:18', '2022-08-26 15:02:18', 0, '', 2, 1, 8),
(9, 'ADMIN', 'ADMIN', '2022-08-26 15:02:29', '2022-08-26 15:02:29', 3, '', 3, 0, 9),
(10, 'ADMIN', 'ADMIN', '2022-08-26 15:02:42', '2022-08-26 15:02:42', 2, '', 2, 0, 10),
(11, 'ADMIN', 'ADMIN', '2022-08-26 15:02:56', '2022-08-26 15:02:56', 0, '', 1, 1, 10),
(12, 'ADMIN', 'ADMIN', '2022-08-26 15:03:10', '2022-08-26 15:03:10', 1, '', 1, 0, 11),
(13, 'ADMIN', 'ADMIN', '2022-08-26 15:03:19', '2022-08-26 15:03:19', 1, '', 1, 0, 12),
(14, 'ADMIN', 'ADMIN', '2022-08-26 15:03:30', '2022-08-26 15:03:30', 3, '', 3, 0, 13),
(15, 'ADMIN', 'ADMIN', '2022-08-26 15:03:37', '2022-08-26 15:03:37', 3, '', 3, 0, 14),
(16, 'ADMIN', 'ADMIN', '2022-08-26 15:03:47', '2022-08-26 15:03:47', 1, '', 1, 0, 15),
(17, 'ADMIN', 'ADMIN', '2022-08-26 15:03:54', '2022-08-26 15:03:54', 1, '', 1, 0, 16),
(18, 'ADMIN', 'ADMIN', '2022-08-26 15:03:54', '2022-08-26 15:03:54', 1, '', 1, 0, 1),
(19, 'ADMIN', 'ADMIN', '2022-08-26 15:03:54', '2022-08-26 15:03:54', 1, '', 1, 0, 2),
(20, 'ADMIN', 'ADMIN', '2022-08-26 15:03:54', '2022-08-26 15:03:54', 1, '', 1, 0, 3),
(22, 'ADMIN', 'ADMIN', '2022-08-28 15:03:54', '2022-08-28 15:03:54', 0, '', 0.5, 0.5, 7);

INSERT INTO study_time (study_time_id, update_id, create_id, created_at, updated_at, begin_time, end_time, final_study_time, is_studying, study_score, calendar_id, user_id) VALUES
(1, 'ADMIN', 'ADMIN', '2022-08-26 15:25:17', '2022-08-26 15:27:09', '2022-08-26 15:25:17.747768', '2022-08-26 15:27:09.305454', '00:01:51', false, 0, 57, 7),
(2, 'ADMIN', 'ADMIN', '2022-08-26 15:27:25', '2022-08-26 15:27:30', '2022-08-26 15:27:25.643096', '2022-08-26 15:27:30.023675', '00:00:04', false, 0, 57, 9),
(3, 'ADMIN', 'ADMIN', '2022-08-26 15:27:46', '2022-08-26 15:27:48', '2022-08-26 15:27:46.122284', '2022-08-26 15:27:48.943148', '00:00:02', false, 0, 57, 14),
(4, 'ADMIN', 'ADMIN', '2022-08-26 15:28:42', '2022-08-26 15:28:45', '2022-08-26 15:28:42.293491', '2022-08-26 15:28:45.383610', '00:00:03', false, 0, 57, 3),
(5, 'ADMIN', 'ADMIN', '2022-08-26 15:28:55', '2022-08-26 15:28:58', '2022-08-26 15:28:55.409194', '2022-08-26 15:28:58.255807', '00:00:02', false, 0, 57, 5),
(6, 'ADMIN', 'ADMIN', '2022-08-26 15:29:07', '2022-08-26 15:29:11', '2022-08-26 15:29:07.544757', '2022-08-26 15:29:11.859142', '00:00:04', false, 0, 57, 6),
(7, 'ADMIN', 'ADMIN', '2022-08-26 15:29:25', '2022-08-26 15:29:28', '2022-08-26 15:29:25.513815', '2022-08-26 15:29:28.056353', '00:00:02', false, 0, 57, 8),
(8, 'ADMIN', 'ADMIN', '2022-08-26 15:29:36', '2022-08-26 15:29:52', '2022-08-26 15:29:36.639252', '2022-08-26 15:29:52.021022', '00:00:15', false, 0, 57, 10),
(9, 'ADMIN', 'ADMIN', '2022-08-26 15:30:03', '2022-08-26 15:30:07', '2022-08-26 15:30:03.337632', '2022-08-26 15:30:07.194861', '00:00:03', false, 0, 57, 11),
(10, 'ADMIN', 'ADMIN', '2022-08-26 15:30:13', '2022-08-26 15:30:17', '2022-08-26 15:30:13.581707', '2022-08-26 15:30:17.073005', '00:00:03', false, 0, 57, 12),
(11, 'ADMIN', 'ADMIN', '2022-08-26 15:30:23', '2022-08-26 15:30:26', '2022-08-26 15:30:23.787176', '2022-08-26 15:30:26.966332', '00:00:03', false, 0, 57, 13),
(12, 'ADMIN', 'ADMIN', '2022-08-26 15:30:37', '2022-08-26 15:30:40', '2022-08-26 15:30:37.287638', '2022-08-26 15:30:40.105049', '00:00:02', false, 0, 57, 14),
(13, 'ADMIN', 'ADMIN', '2022-08-26 15:30:46', '2022-08-26 15:30:50', '2022-08-26 15:30:46.912572', '2022-08-26 15:30:50.283012', '00:00:03', false, 0, 57, 15),
(14, 'ADMIN', 'ADMIN', '2022-08-26 15:30:56', '2022-08-26 15:30:59', '2022-08-26 15:30:56.241521', '2022-08-26 15:30:59.221604', '00:00:02', false, 0, 57, 16),
(15, 'ADMIN', 'ADMIN', '2022-08-27 15:25:17', '2022-08-27 15:27:09', '2022-08-27 15:25:17.747768', '2022-08-27 15:27:09.305454', '00:01:51', false, 0, 58, 7),
(16, 'ADMIN', 'ADMIN', '2022-08-27 18:20:17', '2022-08-27 15:27:09', '2022-08-27 18:20:17.747768', '2022-08-27 20:27:09.305454', '02:01:51', false, 0.26, 58, 7),
(17, 'ADMIN', 'ADMIN', '2022-08-27 15:25:17', '2022-08-27 15:27:09', '2022-08-27 22:20:17.747768', '2022-08-27 23:20:17.747768', '01:01:51', false, 0.13, 58, 7),
(18, 'ADMIN', 'ADMIN', '2022-08-28 15:25:17', '2022-08-28 15:27:09', '2022-08-28 22:20:17.747768', '2022-08-28 23:20:17.747768', '01:01:51', false, 0.13, 59, 7),
(19, 'ADMIN', 'ADMIN', '2022-08-29 15:25:17', '2022-08-29 15:27:09', '2022-08-29 22:20:17.747768', '2022-08-29 23:20:17.747768', '01:01:51', false, 0.13, 60, 7);