INSERT INTO calendar (calendar_id, update_id, create_id, created_at, updated_at, date, day_type) VALUES
(1, 'ADMIN', 'ADMIN', '2022-08-26 14:44:46', '2022-08-26 14:44:46', '2022-07-01', 'STUDYDAY'),
(2, 'ADMIN', 'ADMIN', '2022-08-26 14:44:46', '2022-08-26 14:44:46', '2022-07-02', 'HOLIDAY'),
(3, 'ADMIN', 'ADMIN', '2022-08-26 14:44:46', '2022-08-26 14:44:46', '2022-07-03', 'HOLIDAY'),
(4, 'ADMIN', 'ADMIN', '2022-08-26 14:44:46', '2022-08-26 14:44:46', '2022-07-04', 'STUDYDAY'),
(5, 'ADMIN', 'ADMIN', '2022-08-26 14:44:46', '2022-08-26 14:44:46', '2022-07-05', 'STUDYDAY'),
(6, 'ADMIN', 'ADMIN', '2022-08-26 14:44:46', '2022-08-26 14:44:46', '2022-07-06', 'STUDYDAY'),
(7, 'ADMIN', 'ADMIN', '2022-08-26 14:44:46', '2022-08-26 14:44:46', '2022-07-07', 'STUDYDAY'),
(8, 'ADMIN', 'ADMIN', '2022-08-26 14:44:46', '2022-08-26 14:44:46', '2022-07-08', 'STUDYDAY'),
(9, 'ADMIN', 'ADMIN', '2022-08-26 14:44:46', '2022-08-26 14:44:46', '2022-07-09', 'HOLIDAY'),
(10, 'ADMIN', 'ADMIN', '2022-08-26 14:44:46', '2022-08-26 14:44:46', '2022-07-10', 'HOLIDAY'),
(11, 'ADMIN', 'ADMIN', '2022-08-26 14:44:46', '2022-08-26 14:44:46', '2022-07-11', 'STUDYDAY'),
(12, 'ADMIN', 'ADMIN', '2022-08-26 14:44:46', '2022-08-26 14:44:46', '2022-07-12', 'STUDYDAY'),
(13, 'ADMIN', 'ADMIN', '2022-08-26 14:44:46', '2022-08-26 14:44:46', '2022-07-13', 'STUDYDAY'),
(14, 'ADMIN', 'ADMIN', '2022-08-26 14:44:46', '2022-08-26 14:44:46', '2022-07-14', 'STUDYDAY'),
(15, 'ADMIN', 'ADMIN', '2022-08-26 14:44:46', '2022-08-26 14:44:46', '2022-07-15', 'STUDYDAY'),
(16, 'ADMIN', 'ADMIN', '2022-08-26 14:44:46', '2022-08-26 14:44:46', '2022-07-16', 'HOLIDAY'),
(17, 'ADMIN', 'ADMIN', '2022-08-26 14:44:46', '2022-08-26 14:44:46', '2022-07-17', 'HOLIDAY'),
(18, 'ADMIN', 'ADMIN', '2022-08-26 14:44:46', '2022-08-26 14:44:46', '2022-07-18', 'STUDYDAY'),
(19, 'ADMIN', 'ADMIN', '2022-08-26 14:44:46', '2022-08-26 14:44:46', '2022-07-19', 'STUDYDAY'),
(20, 'ADMIN', 'ADMIN', '2022-08-26 14:44:46', '2022-08-26 14:44:46', '2022-07-20', 'STUDYDAY'),
(21, 'ADMIN', 'ADMIN', '2022-08-26 14:44:46', '2022-08-26 14:44:46', '2022-07-21', 'STUDYDAY'),
(22, 'ADMIN', 'ADMIN', '2022-08-26 14:44:46', '2022-08-26 14:44:46', '2022-07-22', 'STUDYDAY'),
(23, 'ADMIN', 'ADMIN', '2022-08-26 14:44:46', '2022-08-26 14:44:46', '2022-07-23', 'HOLIDAY'),
(24, 'ADMIN', 'ADMIN', '2022-08-26 14:44:46', '2022-08-26 14:44:46', '2022-07-24', 'HOLIDAY'),
(25, 'ADMIN', 'ADMIN', '2022-08-26 14:44:46', '2022-08-26 14:44:46', '2022-07-25', 'STUDYDAY'),
(26, 'ADMIN', 'ADMIN', '2022-08-26 14:44:46', '2022-08-26 14:44:46', '2022-07-26', 'STUDYDAY'),
(27, 'ADMIN', 'ADMIN', '2022-08-26 14:44:46', '2022-08-26 14:44:46', '2022-07-27', 'STUDYDAY'),
(28, 'ADMIN', 'ADMIN', '2022-08-26 14:44:46', '2022-08-26 14:44:46', '2022-07-28', 'STUDYDAY'),
(29, 'ADMIN', 'ADMIN', '2022-08-26 14:44:46', '2022-08-26 14:44:46', '2022-07-29', 'STUDYDAY'),
(30, 'ADMIN', 'ADMIN', '2022-08-26 14:44:46', '2022-08-26 14:44:46', '2022-07-30', 'HOLIDAY'),
(31, 'ADMIN', 'ADMIN', '2022-08-26 14:44:46', '2022-08-26 14:44:46', '2022-07-31', 'HOLIDAY'),
(32, 'ADMIN', 'ADMIN', '2022-08-26 14:44:46', '2022-08-26 14:44:46', '2022-08-01', 'STUDYDAY'),
(33, 'ADMIN', 'ADMIN', '2022-08-26 14:44:46', '2022-08-26 14:44:46', '2022-08-02', 'STUDYDAY'),
(34, 'ADMIN', 'ADMIN', '2022-08-26 14:44:46', '2022-08-26 14:44:46', '2022-08-03', 'STUDYDAY'),
(35, 'ADMIN', 'ADMIN', '2022-08-26 14:44:46', '2022-08-26 14:44:46', '2022-08-04', 'STUDYDAY'),
(36, 'ADMIN', 'ADMIN', '2022-08-26 14:44:46', '2022-08-26 14:44:46', '2022-08-05', 'STUDYDAY'),
(37, 'ADMIN', 'ADMIN', '2022-08-26 14:44:46', '2022-08-26 14:44:46', '2022-08-06', 'HOLIDAY'),
(38, 'ADMIN', 'ADMIN', '2022-08-26 14:44:46', '2022-08-26 14:44:46', '2022-08-07', 'HOLIDAY'),
(39, 'ADMIN', 'ADMIN', '2022-08-26 14:44:46', '2022-08-26 14:44:46', '2022-08-08', 'STUDYDAY'),
(40, 'ADMIN', 'ADMIN', '2022-08-26 14:44:46', '2022-08-26 14:44:46', '2022-08-09', 'STUDYDAY'),
(41, 'ADMIN', 'ADMIN', '2022-08-26 14:44:46', '2022-08-26 14:44:46', '2022-08-10', 'STUDYDAY'),
(42, 'ADMIN', 'ADMIN', '2022-08-26 14:44:46', '2022-08-26 14:44:46', '2022-08-11', 'STUDYDAY'),
(43, 'ADMIN', 'ADMIN', '2022-08-26 14:44:46', '2022-08-26 14:44:46', '2022-08-12', 'STUDYDAY'),
(44, 'ADMIN', 'ADMIN', '2022-08-26 14:44:46', '2022-08-26 14:44:46', '2022-08-13', 'HOLIDAY'),
(45, 'ADMIN', 'ADMIN', '2022-08-26 14:44:46', '2022-08-26 14:44:46', '2022-08-14', 'HOLIDAY'),
(46, 'ADMIN', 'ADMIN', '2022-08-26 14:44:46', '2022-08-26 14:44:46', '2022-08-15', 'STUDYDAY'),
(47, 'ADMIN', 'ADMIN', '2022-08-26 14:44:46', '2022-08-26 14:44:46', '2022-08-16', 'STUDYDAY'),
(48, 'ADMIN', 'ADMIN', '2022-08-26 14:44:46', '2022-08-26 14:44:46', '2022-08-17', 'STUDYDAY'),
(49, 'ADMIN', 'ADMIN', '2022-08-26 14:44:46', '2022-08-26 14:44:46', '2022-08-18', 'STUDYDAY'),
(50, 'ADMIN', 'ADMIN', '2022-08-26 14:44:46', '2022-08-26 14:44:46', '2022-08-19', 'STUDYDAY'),
(51, 'ADMIN', 'ADMIN', '2022-08-26 14:44:46', '2022-08-26 14:44:46', '2022-08-20', 'HOLIDAY'),
(52, 'ADMIN', 'ADMIN', '2022-08-26 14:44:46', '2022-08-26 14:44:46', '2022-08-21', 'HOLIDAY'),
(53, 'ADMIN', 'ADMIN', '2022-08-26 14:44:46', '2022-08-26 14:44:46', '2022-08-22', 'STUDYDAY'),
(54, 'ADMIN', 'ADMIN', '2022-08-26 14:44:46', '2022-08-26 14:44:46', '2022-08-23', 'STUDYDAY'),
(55, 'ADMIN', 'ADMIN', '2022-08-26 14:44:46', '2022-08-26 14:44:46', '2022-08-24', 'STUDYDAY'),
(56, 'ADMIN', 'ADMIN', '2022-08-26 14:44:46', '2022-08-26 14:44:46', '2022-08-25', 'STUDYDAY'),
(57, 'ADMIN', 'ADMIN', '2022-08-26 14:44:46', '2022-08-26 14:44:46', '2022-08-26', 'STUDYDAY'),
(58, 'ADMIN', 'ADMIN', '2022-08-26 14:44:46', '2022-08-26 14:44:46', '2022-08-27', 'HOLIDAY'),
(59, 'ADMIN', 'ADMIN', '2022-08-26 14:44:46', '2022-08-26 14:44:46', '2022-08-28', 'HOLIDAY'),
(60, 'ADMIN', 'ADMIN', '2022-08-26 14:44:46', '2022-08-26 14:44:46', '2022-08-29', 'STUDYDAY'),
(61, 'ADMIN', 'ADMIN', '2022-08-26 14:44:46', '2022-08-26 14:44:46', '2022-08-30', 'STUDYDAY'),
(62, 'ADMIN', 'ADMIN', '2022-08-26 14:44:46', '2022-08-26 14:44:46', '2022-08-31', 'STUDYDAY'),
(63, 'ADMIN', 'ADMIN', '2022-08-26 14:44:46', '2022-08-26 14:44:46', '2022-09-01', 'STUDYDAY'),
(64, 'ADMIN', 'ADMIN', '2022-08-26 14:44:46', '2022-08-26 14:44:46', '2022-09-02', 'STUDYDAY'),
(65, 'ADMIN', 'ADMIN', '2022-08-26 14:44:46', '2022-08-26 14:44:46', '2022-09-03', 'HOLIDAY'),
(66, 'ADMIN', 'ADMIN', '2022-08-26 14:44:46', '2022-08-26 14:44:46', '2022-09-04', 'HOLIDAY'),
(67, 'ADMIN', 'ADMIN', '2022-08-26 14:44:46', '2022-08-26 14:44:46', '2022-09-05', 'STUDYDAY'),
(68, 'ADMIN', 'ADMIN', '2022-08-26 14:44:46', '2022-08-26 14:44:46', '2022-09-06', 'STUDYDAY'),
(69, 'ADMIN', 'ADMIN', '2022-08-26 14:44:46', '2022-08-26 14:44:46', '2022-09-07', 'STUDYDAY'),
(70, 'ADMIN', 'ADMIN', '2022-08-26 14:44:46', '2022-08-26 14:44:46', '2022-09-08', 'STUDYDAY'),
(71, 'ADMIN', 'ADMIN', '2022-08-26 14:44:46', '2022-08-26 14:44:46', '2022-09-09', 'STUDYDAY'),
(72, 'ADMIN', 'ADMIN', '2022-08-26 14:44:46', '2022-08-26 14:44:46', '2022-09-10', 'HOLIDAY'),
(73, 'ADMIN', 'ADMIN', '2022-08-26 14:44:46', '2022-08-26 14:44:46', '2022-09-11', 'HOLIDAY'),
(74, 'ADMIN', 'ADMIN', '2022-08-26 14:44:46', '2022-08-26 14:44:46', '2022-09-12', 'STUDYDAY'),
(75, 'ADMIN', 'ADMIN', '2022-08-26 14:44:46', '2022-08-26 14:44:46', '2022-09-13', 'STUDYDAY'),
(76, 'ADMIN', 'ADMIN', '2022-08-26 14:44:46', '2022-08-26 14:44:46', '2022-09-14', 'STUDYDAY'),
(77, 'ADMIN', 'ADMIN', '2022-08-26 14:44:46', '2022-08-26 14:44:46', '2022-09-15', 'STUDYDAY'),
(78, 'ADMIN', 'ADMIN', '2022-08-26 14:44:46', '2022-08-26 14:44:46', '2022-09-16', 'STUDYDAY'),
(79, 'ADMIN', 'ADMIN', '2022-08-26 14:44:46', '2022-08-26 14:44:46', '2022-09-17', 'HOLIDAY'),
(80, 'ADMIN', 'ADMIN', '2022-08-26 14:44:46', '2022-08-26 14:44:46', '2022-09-18', 'HOLIDAY'),
(81, 'ADMIN', 'ADMIN', '2022-08-26 14:44:46', '2022-08-26 14:44:46', '2022-09-19', 'STUDYDAY'),
(82, 'ADMIN', 'ADMIN', '2022-08-26 14:44:46', '2022-08-26 14:44:46', '2022-09-20', 'STUDYDAY'),
(83, 'ADMIN', 'ADMIN', '2022-08-26 14:44:46', '2022-08-26 14:44:46', '2022-09-21', 'STUDYDAY'),
(84, 'ADMIN', 'ADMIN', '2022-08-26 14:44:46', '2022-08-26 14:44:46', '2022-09-22', 'STUDYDAY'),
(85, 'ADMIN', 'ADMIN', '2022-08-26 14:44:46', '2022-08-26 14:44:46', '2022-09-23', 'STUDYDAY'),
(86, 'ADMIN', 'ADMIN', '2022-08-26 14:44:46', '2022-08-26 14:44:46', '2022-09-24', 'HOLIDAY'),
(87, 'ADMIN', 'ADMIN', '2022-08-26 14:44:46', '2022-08-26 14:44:46', '2022-09-25', 'HOLIDAY'),
(88, 'ADMIN', 'ADMIN', '2022-08-26 14:44:46', '2022-08-26 14:44:46', '2022-09-26', 'STUDYDAY'),
(89, 'ADMIN', 'ADMIN', '2022-08-26 14:44:46', '2022-08-26 14:44:46', '2022-09-27', 'STUDYDAY'),
(90, 'ADMIN', 'ADMIN', '2022-08-26 14:44:46', '2022-08-26 14:44:46', '2022-09-28', 'STUDYDAY'),
(91, 'ADMIN', 'ADMIN', '2022-08-26 14:44:46', '2022-08-26 14:44:46', '2022-09-29', 'STUDYDAY'),
(92, 'ADMIN', 'ADMIN', '2022-08-26 14:44:46', '2022-08-26 14:44:46', '2022-09-30', 'STUDYDAY'),
(93, 'ADMIN', 'ADMIN', '2022-08-26 14:44:46', '2022-08-26 14:44:46', '2022-10-01', 'HOLIDAY'),
(94, 'ADMIN', 'ADMIN', '2022-08-26 14:44:46', '2022-08-26 14:44:46', '2022-10-02', 'HOLIDAY'),
(95, 'ADMIN', 'ADMIN', '2022-08-26 14:44:46', '2022-08-26 14:44:46', '2022-10-03', 'STUDYDAY'),
(96, 'ADMIN', 'ADMIN', '2022-08-26 14:44:46', '2022-08-26 14:44:46', '2022-10-04', 'STUDYDAY'),
(97, 'ADMIN', 'ADMIN', '2022-08-26 14:44:46', '2022-08-26 14:44:46', '2022-10-05', 'STUDYDAY'),
(98, 'ADMIN', 'ADMIN', '2022-08-26 14:44:46', '2022-08-26 14:44:46', '2022-10-06', 'STUDYDAY'),
(99, 'ADMIN', 'ADMIN', '2022-08-26 14:44:46', '2022-08-26 14:44:46', '2022-10-07', 'STUDYDAY'),
(100, 'ADMIN', 'ADMIN', '2022-08-26 14:44:46', '2022-08-26 14:44:46', '2022-10-08', 'HOLIDAY'),
(101, 'ADMIN', 'ADMIN', '2022-08-26 14:44:46', '2022-08-26 14:44:46', '2022-10-09', 'HOLIDAY'),
(102, 'ADMIN', 'ADMIN', '2022-08-26 14:44:46', '2022-08-26 14:44:46', '2022-10-10', 'STUDYDAY'),
(103, 'ADMIN', 'ADMIN', '2022-08-26 14:44:46', '2022-08-26 14:44:46', '2022-10-11', 'STUDYDAY'),
(104, 'ADMIN', 'ADMIN', '2022-08-26 14:44:46', '2022-08-26 14:44:46', '2022-10-12', 'STUDYDAY'),
(105, 'ADMIN', 'ADMIN', '2022-08-26 14:44:46', '2022-08-26 14:44:46', '2022-10-13', 'STUDYDAY'),
(106, 'ADMIN', 'ADMIN', '2022-08-26 14:44:46', '2022-08-26 14:44:46', '2022-10-14', 'STUDYDAY'),
(107, 'ADMIN', 'ADMIN', '2022-08-26 14:44:46', '2022-08-26 14:44:46', '2022-10-15', 'HOLIDAY'),
(108, 'ADMIN', 'ADMIN', '2022-08-26 14:44:46', '2022-08-26 14:44:46', '2022-10-16', 'HOLIDAY'),
(109, 'ADMIN', 'ADMIN', '2022-08-26 14:44:46', '2022-08-26 14:44:46', '2022-10-17', 'STUDYDAY'),
(110, 'ADMIN', 'ADMIN', '2022-08-26 14:44:46', '2022-08-26 14:44:46', '2022-10-18', 'STUDYDAY'),
(111, 'ADMIN', 'ADMIN', '2022-08-26 14:44:46', '2022-08-26 14:44:46', '2022-10-19', 'STUDYDAY'),
(112, 'ADMIN', 'ADMIN', '2022-08-26 14:44:46', '2022-08-26 14:44:46', '2022-10-20', 'STUDYDAY'),
(113, 'ADMIN', 'ADMIN', '2022-08-26 14:44:46', '2022-08-26 14:44:46', '2022-10-21', 'STUDYDAY'),
(114, 'ADMIN', 'ADMIN', '2022-08-26 14:44:46', '2022-08-26 14:44:46', '2022-10-22', 'HOLIDAY'),
(115, 'ADMIN', 'ADMIN', '2022-08-26 14:44:46', '2022-08-26 14:44:46', '2022-10-23', 'HOLIDAY'),
(116, 'ADMIN', 'ADMIN', '2022-08-26 14:44:46', '2022-08-26 14:44:46', '2022-10-24', 'STUDYDAY'),
(117, 'ADMIN', 'ADMIN', '2022-08-26 14:44:46', '2022-08-26 14:44:46', '2022-10-25', 'STUDYDAY'),
(118, 'ADMIN', 'ADMIN', '2022-08-26 14:44:46', '2022-08-26 14:44:46', '2022-10-26', 'STUDYDAY'),
(119, 'ADMIN', 'ADMIN', '2022-08-26 14:44:46', '2022-08-26 14:44:46', '2022-10-27', 'STUDYDAY'),
(120, 'ADMIN', 'ADMIN', '2022-08-26 14:44:46', '2022-08-26 14:44:46', '2022-10-28', 'STUDYDAY'),
(121, 'ADMIN', 'ADMIN', '2022-08-26 14:44:46', '2022-08-26 14:44:46', '2022-10-29', 'HOLIDAY'),
(122, 'ADMIN', 'ADMIN', '2022-08-26 14:44:46', '2022-08-26 14:44:46', '2022-10-30', 'HOLIDAY'),
(123, 'ADMIN', 'ADMIN', '2022-08-26 14:44:46', '2022-08-26 14:44:46', '2022-10-31', 'STUDYDAY');

insert into role(role_id, update_id, create_id, created_at, updated_at, value) values
(1, 'ADMIN', 'ADMIN', '2022-08-26 14:44:46', '2022-08-26 14:44:46', 'ROLE_ADMIN'),
(2, 'ADMIN', 'ADMIN', '2022-08-26 14:44:46', '2022-08-26 14:44:46', 'ROLE_MANAGER'),
(3, 'ADMIN', 'ADMIN', '2022-08-26 14:44:46', '2022-08-26 14:44:46', 'ROLE_USER'),
(4, 'ADMIN', 'ADMIN', '2022-08-26 14:44:46', '2022-08-26 14:44:46', 'ROLE_UNAUTHORIZED');

INSERT INTO authority (authority_id, permission) VALUES
(1, 'user.create'),
(2, 'user.update'),
(3, 'user.role.update'),
(4, 'user.team.update'),
(5, 'user.update-attend.status'),
(6, 'user.read'),
(7, 'user.delete'),
(8, 'todo.create'),
(9, 'user.todo.create'),
(10, 'todo.update'),
(11, 'user.todo.update'),
(12, 'todo.read'),
(13, 'user.todo.read'),
(14, 'todo.delete'),
(15, 'user.todo.delete'),
(16, 'vacation.create'),
(17, 'user.vacation.create'),
(18, 'vacation.update'),
(19, 'user.vacation.update'),
(20, 'vacation.read'),
(21, 'user.vacation.read'),
(22, 'vacation.delete'),
(23, 'user.vacation.delete'),
(24, 'study-time.create'),
(25, 'study-time.update'),
(26, 'study-time.read'),
(27, 'study-time.delete'),
(28, 'user.study-time.create'),
(29, 'user.study-time.update'),
(30, 'user.study-time.read'),
(31, 'study-time.user.read'),
(32, 'user.study-time.delete'),
(33, 'attendance.create'),
(34, 'attendance.update'),
(35, 'attendance.read'),
(36, 'attendance.delete'),
(37, 'user.attendance.create'),
(38, 'user.attendance.update'),
(39, 'user.attendance.read'),
(40, 'user.attendance.delete');

INSERT INTO role_authority (role_id, authority_id) VALUES
(1, 1),
(2, 1),
(3, 1),
(4, 1),
(1, 2),
(2, 2),
(1, 3),
(2, 3),
(1, 4),
(2, 4),
(1, 5),
(2, 5),
(1, 6),
(2, 6),
(3, 6),
(1, 7),
(1, 8),
(1, 9),
(2, 9),
(3, 9),
(1, 10),
(1, 11),
(2, 11),
(3, 11),
(1, 12),
(2, 12),
(3, 12),
(1, 13),
(2, 13),
(3, 13),
(1, 14),
(1, 15),
(2, 15),
(3, 15),
(1, 16),
(2, 16),
(1, 17),
(2, 17),
(3, 17),
(1, 18),
(2, 18),
(1, 19),
(2, 19),
(3, 19),
(1, 20),
(2, 20),
(1, 21),
(2, 21),
(3, 21),
(1, 22),
(2, 22),
(1, 23),
(2, 23),
(1, 24),
(1, 25),
(1, 26),
(1, 27),
(1, 28),
(2, 28),
(3, 28),
(1, 29),
(2, 29),
(3, 29),
(1, 30),
(2, 30),
(3, 30),
(1, 31),
(2, 31),
(3, 31),
(1, 32),
(2, 32),
(3, 32),
(1, 33),
(2, 33),
(1, 34),
(2, 34),
(1, 35),
(2, 35),
(1, 36),
(2, 36),
(1, 37),
(2, 37),
(1, 38),
(2, 38),
(1, 39),
(2, 39),
(1, 40),
(2, 40);

INSERT INTO team (team_id, update_id, create_id, created_at, updated_at, value) VALUES
(1, 'ADMIN', 'ADMIN', '2022-08-26 14:44:45', '2022-08-26 14:44:45', 'RED'),
(2, 'ADMIN', 'ADMIN', '2022-08-26 14:44:45', '2022-08-26 14:44:45', 'BLUE'),
(3, 'ADMIN', 'ADMIN', '2022-08-26 14:44:45', '2022-08-26 14:44:45', 'NONE');

INSERT INTO user (user_id, update_id, create_id, created_at, updated_at, account_non_expired, account_non_locked, api_id, attend_status, credentials_non_expired, email, email_auth, enabled, nickname, password, refresh_token, username) VALUES
(1, 'ADMIN', 'ADMIN', '2022-08-26 14:44:45', '2022-08-26 14:44:45', true, true, '91c6e4bb-e350-4d7f-8eef-edd75917a9f9', 'PARTICIPATED', true, 'admin@gmail.com', false, true, 'admin', '$2a$10$usRPxfx9yqiNwyTL54Y12uWeImKHKkbOQ6Sq6GBjXfPqWjrSNoiYy', null, 'admin'),
(2, 'ADMIN', 'ADMIN', '2022-08-26 14:44:45', '2022-08-26 14:44:45', true, true, '5850dbc3-1789-480f-8a1f-3c7175e42085', 'PARTICIPATED', true, 'manager@gmail.com', false, true, 'manager', '$2a$10$teTVBwDOMYsBvsFxnv3fZuQRGeM/7warUKB7fWpArzI3Ty3jMJYJG', null, 'manager'),
(3, 'ADMIN', 'ADMIN', '2022-08-26 14:44:45', '2022-08-26 14:44:45', true, true, '162d256f-abdb-4be9-99e7-51c974dd603b', 'PARTICIPATED', true, 'user@gmail.com', false, true, 'user', '$2a$10$Qn.tz7TByvYoxGzr3XIKCeI70sQ40YylchWcbnJlBpOLtIIRBEQFG', null, 'user'),
(4, 'ADMIN', 'ADMIN', '2022-08-26 14:44:45', '2022-08-26 14:44:45', true, true, 'db988ca2-1ecf-485c-9345-31930845ba38', 'PARTICIPATED', true, 'unauthorized@gmail.com', false, true, 'unauthorized', '$2a$10$15BsqhqW4SunV7woCaij8.1EZ.Qc4Z3fM5kDewniSHkZK7sVzKWAO', null, 'unauthorized'),
(5, 'ADMIN', 'ADMIN', '2022-08-26 14:45:04', '2022-08-26 14:45:04', true, true, '96ece5fb-23d7-40b1-a442-1e8e5e25996c', 'PARTICIPATED', true, 'yongjule@student.42seoul.kr', false, true, 'yongjule', '$2a$10$Gn/NKHw9ezKgr1r6R.AVAONUgyZ.7ujonU38G3vbiiUqe96DVsCmO', null, 'yongjule'),
(6, 'ADMIN', 'ADMIN', '2022-08-26 14:45:15', '2022-08-26 14:45:15', true, true, '5fbefd6a-2ece-4ba1-8e63-4ca54a5169b6', 'PARTICIPATED', true, 'ghan@student.42seoul.kr', false, true, 'ghan', '$2a$10$TKkOAudEJ9doHqTFvFtXve59GearAAi90MB9XbAFFKd8fMEeabkZG', null, 'ghan'),
(7, 'ADMIN', 'ADMIN', '2022-08-26 14:45:27', '2022-08-26 14:45:27', true, true, 'b2ef910a-d3cf-4893-a051-f0420259bb05', 'PARTICIPATED', true, 'kyunkim@student.42seoul.kr', false, true, 'kyunkim', '$2a$10$8ogJNSnpJxOsoHfYKYe6xeUjdtjLMDUtWft1JPDV8SEU7r5TjGIjG', null, 'kyunkim'),
(8, 'ADMIN', 'ADMIN', '2022-08-26 14:46:02', '2022-08-26 14:46:02', true, true, '8028cd58-7b0a-4031-aba4-a636453ea88b', 'PARTICIPATED', true, 'donshin@student.42seoul.kr', false, true, 'donshin', '$2a$10$ewHFy4ixvegUSJcR7bAtu.miyKQZ0zOJuzj0LgLoGMspA5mcdO0OK', null, 'donshin'),
(9, 'ADMIN', 'ADMIN', '2022-08-26 14:46:14', '2022-08-26 14:46:14', true, true, 'a292e194-ecf2-444f-a6bf-57ad87aed5ae', 'PARTICIPATED', true, 'takim@student.42seoul.kr', false, true, 'takim', '$2a$10$HIXGAz9BV5tFhHvzUH67GufWE3shEwfy1KTM60LkqcDSsxr7Q4ZNe', null, 'takim'),
(10, 'ADMIN', 'ADMIN', '2022-08-26 14:46:24', '2022-08-26 14:46:24', true, true, '22a2d24a-aa0d-4e2f-8714-3f405cd01533', 'PARTICIPATED', true, 'sjin@student.42seoul.kr', false, true, 'sjin', '$2a$10$dMRK.1XtJxY0KBlaeJNIDO7jnNhACHNTP9GCYgU5w2orcNXVIzyHe', null, 'sjin'),
(11, 'ADMIN', 'ADMIN', '2022-08-26 14:46:34', '2022-08-26 14:46:34', true, true, '1d8ed47d-375e-45bd-b020-14b8b86b55b2', 'PARTICIPATED', true, 'dhyeon@student.42seoul.kr', false, true, 'dhyeon', '$2a$10$Aobjfn7LKCxBt5eRVLjDCugoasM.j32OA6MH2687W/qKXEVVDN6xm', null, 'dhyeon'),
(12, 'ADMIN', 'ADMIN', '2022-08-26 14:46:50', '2022-08-26 14:46:50', true, true, '6689e070-8d20-43b7-8751-55ce6a1579e4', 'PARTICIPATED', true, 'mosong@student.42seoul.kr', false, true, 'mosong', '$2a$10$oydb3D34pEcWFwJBY3QPSOpfOPA5spWYWRita2Se6lzvduO1ALHJO', null, 'mosong'),
(13, 'ADMIN', 'ADMIN', '2022-08-26 14:47:03', '2022-08-26 14:47:03', true, true, 'e61c1ce0-def9-437d-af01-0d855b0dbae8', 'PARTICIPATED', true, 'chanhyle@student.42seoul.kr', false, true, 'chanhyle', '$2a$10$itt5YwGAXPS7kh2seMmTTO4GGHrG6GZSUEZoB2RByID.RaAtYy04u', null, 'chanhyle'),
(14, 'ADMIN', 'ADMIN', '2022-08-26 14:47:15', '2022-08-26 14:47:15', true, true, 'ec812785-9832-4da8-a770-93dc1cd5c9a0', 'PARTICIPATED', true, 'sham@student.42seoul.kr', false, true, 'sham', '$2a$10$dMZb/wjWWFUtKoCdBiiSX.L/eLCJgX6HtuRbvtr/ujgaWaXX7ipYW', null, 'sham'),
(15, 'ADMIN', 'ADMIN', '2022-08-26 14:47:23', '2022-08-26 14:47:23', true, true, '6e495785-c071-4b20-a042-b0e7ec2c7c26', 'PARTICIPATED', true, 'jiskim@student.42seoul.kr', false, true, 'jiskim', '$2a$10$lpL/1hSFBy8/9RrkoEXI5up83hWlaUL5AriEKl1/BlO3htPQEZd22', null, 'jiskim'),
(16, 'ADMIN', 'ADMIN', '2022-08-26 14:49:56', '2022-08-26 14:49:56', true, true, 'a7058c05-3aec-42b9-b5c5-d2b24f9ffd9b', 'PARTICIPATED', true, 'hannkim@student.42seoul.kr', false, true, 'hannkim', '$2a$10$bmRTpdEgzB9H7.GX4CR3tOdYNVNf10LH8XUh4XskmPrkJWVaYr1uu', null, 'hannkim');

INSERT INTO user_team (user_team_id, update_id, create_id, created_at, updated_at, currently_used, reason, team_id, user_id) VALUES
(1, 'ADMIN', 'ADMIN', '2022-08-26 14:44:45', '2022-08-26 14:44:45', true, 'initial', 1, 1),
(2, 'ADMIN', 'ADMIN', '2022-08-26 14:44:45', '2022-08-26 14:44:45', true, 'initial', 2, 2),
(3, 'ADMIN', 'ADMIN', '2022-08-26 14:44:45', '2022-08-26 14:44:45', true, 'initial', 3, 3),
(4, 'ADMIN', 'ADMIN', '2022-08-26 14:44:45', '2022-08-26 14:44:45', true, 'initial', 3, 4),
(5, 'ADMIN', 'ADMIN', '2022-08-26 14:45:04', '2022-08-26 14:45:04', true, 'signUpDefault', 1, 5),
(6, 'ADMIN', 'ADMIN', '2022-08-26 14:45:15', '2022-08-26 14:45:15', true, 'signUpDefault', 1, 6),
(7, 'ADMIN', 'ADMIN', '2022-08-26 14:45:27', '2022-08-26 14:45:27', true, 'signUpDefault', 1, 7),
(8, 'ADMIN', 'ADMIN', '2022-08-26 14:46:02', '2022-08-26 14:46:02', true, 'signUpDefault', 1, 8),
(9, 'ADMIN', 'ADMIN', '2022-08-26 14:46:14', '2022-08-26 14:46:14', true, 'signUpDefault', 1, 9),
(10, 'ADMIN', 'ADMIN', '2022-08-26 14:46:24', '2022-08-26 14:46:24', true, 'signUpDefault', 1, 10),
(11, 'ADMIN', 'ADMIN', '2022-08-26 14:46:34', '2022-08-26 14:46:34', true, 'signUpDefault', 2, 11),
(12, 'ADMIN', 'ADMIN', '2022-08-26 14:46:50', '2022-08-26 14:46:50', true, 'signUpDefault', 2, 12),
(13, 'ADMIN', 'ADMIN', '2022-08-26 14:47:03', '2022-08-26 14:47:03', true, 'signUpDefault', 2, 13),
(14, 'ADMIN', 'ADMIN', '2022-08-26 14:47:15', '2022-08-26 14:47:15', true, 'signUpDefault', 2, 14),
(15, 'ADMIN', 'ADMIN', '2022-08-26 14:47:23', '2022-08-26 14:47:23', true, 'signUpDefault', 2, 15),
(16, 'ADMIN', 'ADMIN', '2022-08-26 14:49:56', '2022-08-26 14:49:56', true, 'signUpDefault', 2, 16);

INSERT INTO user_role (user_role_id, update_id, create_id, created_at, updated_at, currently_used, reason, role_id, user_id) VALUES
(1, 'ADMIN', 'ADMIN', '2022-08-26 14:44:45', '2022-08-26 14:44:45', true, 'initial', 1, 1),
(2, 'ADMIN', 'ADMIN', '2022-08-26 14:44:45', '2022-08-26 14:44:45', true, 'initial', 2, 2),
(3, 'ADMIN', 'ADMIN', '2022-08-26 14:44:45', '2022-08-26 14:44:45', true, 'initial', 3, 3),
(4, 'ADMIN', 'ADMIN', '2022-08-26 14:44:45', '2022-08-26 14:44:45', true, 'initial', 4, 4),
(5, 'ADMIN', 'ADMIN', '2022-08-26 14:45:04', '2022-08-26 14:45:04', true, 'signUpDefault', 3, 5),
(6, 'ADMIN', 'ADMIN', '2022-08-26 14:45:15', '2022-08-26 14:45:15', true, 'signUpDefault', 3, 6),
(7, 'ADMIN', 'ADMIN', '2022-08-26 14:45:27', '2022-08-26 14:45:27', true, 'signUpDefault', 3, 7),
(8, 'ADMIN', 'ADMIN', '2022-08-26 14:46:02', '2022-08-26 14:46:02', true, 'signUpDefault', 3, 8),
(9, 'ADMIN', 'ADMIN', '2022-08-26 14:46:14', '2022-08-26 14:46:14', true, 'signUpDefault', 3, 9),
(10, 'ADMIN', 'ADMIN', '2022-08-26 14:46:24', '2022-08-26 14:46:24', true, 'signUpDefault', 2, 10),
(11, 'ADMIN', 'ADMIN', '2022-08-26 14:46:34', '2022-08-26 14:46:34', true, 'signUpDefault', 3, 11),
(12, 'ADMIN', 'ADMIN', '2022-08-26 14:46:50', '2022-08-26 14:46:50', true, 'signUpDefault', 3, 12),
(13, 'ADMIN', 'ADMIN', '2022-08-26 14:47:03', '2022-08-26 14:47:03', true, 'signUpDefault', 3, 13),
(14, 'ADMIN', 'ADMIN', '2022-08-26 14:47:15', '2022-08-26 14:47:15', true, 'signUpDefault', 2, 14),
(15, 'ADMIN', 'ADMIN', '2022-08-26 14:47:23', '2022-08-26 14:47:23', true, 'signUpDefault', 3, 15),
(16, 'ADMIN', 'ADMIN', '2022-08-26 14:49:56', '2022-08-26 14:49:56', true, 'signUpDefault', 3, 16);

INSERT INTO day_statistical_data (day_statistical_data_id, update_id, create_id, created_at, updated_at, absent_score, attendance_score, study_time_score, todo_success_rate, total_score, week_absent_score, calendar_id, user_id) VALUES
(1, 'ADMIN', 'ADMIN', '2022-08-26 14:44:45', '2022-08-26 14:44:45', 0, 1, 0, 0, 0, 0, 57, 1),
(2, 'ADMIN', 'ADMIN', '2022-08-26 14:44:45', '2022-08-26 14:44:45', 0, 1, 0, 0, 0, 0, 57, 2),
(3, 'ADMIN', 'ADMIN', '2022-08-26 14:44:45', '2022-08-26 14:44:45', 0, 1, 0, 0, 0, 0, 57, 3),
(4, 'ADMIN', 'ADMIN', '2022-08-26 14:44:45', '2022-08-26 14:44:45', 0, 1, 0, 0, 0, 0, 57, 4),
(5, 'ADMIN', 'ADMIN', '2022-08-26 14:45:04', '2022-08-26 14:45:04', 0, 1, 0, 0, 0, 0, 57, 5),
(6, 'ADMIN', 'ADMIN', '2022-08-26 14:45:15', '2022-08-26 14:45:15', 0, 1, 0, 0, 0, 0, 57, 6),
(7, 'ADMIN', 'ADMIN', '2022-08-26 14:45:27', '2022-08-26 14:45:27', 0, 1, 0, 0, 0, 0, 57, 7),
(8, 'ADMIN', 'ADMIN', '2022-08-26 14:46:02', '2022-08-26 14:46:02', 0, 1, 0, 0, 0, 0, 57, 8),
(9, 'ADMIN', 'ADMIN', '2022-08-26 14:46:14', '2022-08-26 14:46:14', 0.25, 0.5, 0, 0, 0.25, 0, 57, 9),
(10, 'ADMIN', 'ADMIN', '2022-08-26 14:46:24', '2022-08-26 14:46:24', 0, 1, 0, 0, 0, 0, 57, 10),
(11, 'ADMIN', 'ADMIN', '2022-08-26 14:46:34', '2022-08-26 14:46:34', 0, 1, 0, 0, 0, 0, 57, 11),
(12, 'ADMIN', 'ADMIN', '2022-08-26 14:46:50', '2022-08-26 14:46:50', 0, 1, 0, 0, 0, 0, 57, 12),
(13, 'ADMIN', 'ADMIN', '2022-08-26 14:47:03', '2022-08-26 14:47:03', 0, 1, 0, 0, 0, 0, 57, 13),
(14, 'ADMIN', 'ADMIN', '2022-08-26 14:47:15', '2022-08-26 14:47:15', 0, 1, 0, 0, 0, 0, 57, 14),
(15, 'ADMIN', 'ADMIN', '2022-08-26 14:47:23', '2022-08-26 14:47:23', 0.25, 0.5, 0, 0, 0.25, 0, 57, 15),
(16, 'ADMIN', 'ADMIN', '2022-08-26 14:49:56', '2022-08-26 14:49:56', 0, 1, 0, 0, 0, 0, 57, 16),
(17, 'ADMIN', 'ADMIN', '2022-08-27 00:00:10', '2022-08-27 00:00:10', 0, 2, 0, 0, 0, 0, 58, 1),
(18, 'ADMIN', 'ADMIN', '2022-08-27 00:00:10', '2022-08-27 00:00:10', 0, 2, 0, 0, 0, 0, 58, 2),
(19, 'ADMIN', 'ADMIN', '2022-08-27 00:00:10', '2022-08-27 00:00:10', 0, 2, 0, 0, 0, 0, 58, 3),
(20, 'ADMIN', 'ADMIN', '2022-08-27 00:00:10', '2022-08-27 00:00:10', 0, 2, 0, 0, 0, 0, 58, 4),
(21, 'ADMIN', 'ADMIN', '2022-08-27 00:00:10', '2022-08-27 00:00:10', 0, 2, 0, 0, 0, 0, 58, 5),
(22, 'ADMIN', 'ADMIN', '2022-08-27 00:00:10', '2022-08-27 00:00:10', 0, 2, 0, 0, 0, 0, 58, 6),
(23, 'ADMIN', 'ADMIN', '2022-08-27 00:00:10', '2022-08-27 00:00:10', 0, 2, 0, 0, 0, 0, 58, 7),
(24, 'ADMIN', 'ADMIN', '2022-08-27 00:00:10', '2022-08-27 00:00:10', 0, 2, 0, 0, 0, 0, 58, 8),
(25, 'ADMIN', 'ADMIN', '2022-08-27 00:00:10', '2022-08-27 00:00:10', 0.25, 1.5, 0, 0, 0.25, 0, 58, 9),
(26, 'ADMIN', 'ADMIN', '2022-08-27 00:00:10', '2022-08-27 00:00:10', 0.5, 1.5, 0, 0, 0.5, 0, 58, 10),
(27, 'ADMIN', 'ADMIN', '2022-08-27 00:00:10', '2022-08-27 00:00:10', 0, 2, 0, 0, 0, 0, 58, 11),
(28, 'ADMIN', 'ADMIN', '2022-08-27 00:00:10', '2022-08-27 00:00:10', 0, 2, 0, 0, 0, 0, 58, 12),
(29, 'ADMIN', 'ADMIN', '2022-08-27 00:00:10', '2022-08-27 00:00:10', 0, 2, 0, 0, 0, 0, 58, 13),
(30, 'ADMIN', 'ADMIN', '2022-08-27 00:00:10', '2022-08-27 00:00:10', 0, 2, 0, 0, 0, 0, 58, 14),
(31, 'ADMIN', 'ADMIN', '2022-08-27 00:00:10', '2022-08-27 00:00:10', 0.25, 1.5, 0, 0, 0.25, 0, 58, 15),
(32, 'ADMIN', 'ADMIN', '2022-08-27 00:00:10', '2022-08-27 00:00:10', 0, 2, 0, 0, 0, 0, 58, 16),
(33, 'ADMIN', 'ADMIN', '2022-08-28 00:00:10', '2022-08-28 00:00:10', 0, 3, 0, 0, 0, 0, 59, 1),
(34, 'ADMIN', 'ADMIN', '2022-08-28 00:00:10', '2022-08-28 00:00:10', 0, 3, 0, 0, 0, 0, 59, 2),
(35, 'ADMIN', 'ADMIN', '2022-08-28 00:00:10', '2022-08-28 00:00:10', 0, 3, 0, 0, 0, 0, 59, 3),
(36, 'ADMIN', 'ADMIN', '2022-08-28 00:00:10', '2022-08-28 00:00:10', 0, 3, 0, 0, 0, 0, 59, 4),
(37, 'ADMIN', 'ADMIN', '2022-08-28 00:00:10', '2022-08-28 00:00:10', 0, 3, 0, 0, 0, 0, 59, 5),
(38, 'ADMIN', 'ADMIN', '2022-08-28 00:00:10', '2022-08-28 00:00:10', 0, 3, 0, 0, 0, 0, 59, 6),
(39, 'ADMIN', 'ADMIN', '2022-08-28 00:00:10', '2022-08-28 00:00:10', 0, 3, 0, 0, 0, 0, 59, 7),
(40, 'ADMIN', 'ADMIN', '2022-08-28 00:00:10', '2022-08-28 00:00:10', 0, 3, 0, 0, 0, 0, 59, 8),
(41, 'ADMIN', 'ADMIN', '2022-08-28 00:00:10', '2022-08-28 00:00:10', 0.25, 2.5, 0, 0, 0.25, 0, 59, 9),
(42, 'ADMIN', 'ADMIN', '2022-08-28 00:00:10', '2022-08-28 00:00:10', 0.5, 2.5, 0, 0, 0.5, 0, 59, 10),
(43, 'ADMIN', 'ADMIN', '2022-08-28 00:00:10', '2022-08-28 00:00:10', 0, 3, 0, 0, 0, 0, 59, 11),
(44, 'ADMIN', 'ADMIN', '2022-08-28 00:00:10', '2022-08-28 00:00:10', 0, 3, 0, 0, 0, 0, 59, 12),
(45, 'ADMIN', 'ADMIN', '2022-08-28 00:00:10', '2022-08-28 00:00:10', 0, 3, 0, 0, 0, 0, 59, 13),
(46, 'ADMIN', 'ADMIN', '2022-08-28 00:00:10', '2022-08-28 00:00:10', 0, 3, 0, 0, 0, 0, 59, 14),
(47, 'ADMIN', 'ADMIN', '2022-08-28 00:00:10', '2022-08-28 00:00:10', 0.25, 2.5, 0, 0, 0.25, 0, 59, 15),
(48, 'ADMIN', 'ADMIN', '2022-08-28 00:00:10', '2022-08-28 00:00:10', 0, 3, 0, 0, 0, 0, 59, 16),
(49, 'ADMIN', 'ADMIN', '2022-08-29 00:00:10', '2022-08-29 00:00:10', 0, 4, 0, 0, 0, 0, 60, 1),
(50, 'ADMIN', 'ADMIN', '2022-08-29 00:00:10', '2022-08-29 00:00:10', 0, 4, 0, 0, 0, 0, 60, 2),
(51, 'ADMIN', 'ADMIN', '2022-08-29 00:00:10', '2022-08-29 00:00:10', 0, 4, 0, 0, 0, 0, 60, 3),
(52, 'ADMIN', 'ADMIN', '2022-08-29 00:00:10', '2022-08-29 00:00:10', 0, 4, 0, 0, 0, 0, 60, 4),
(53, 'ADMIN', 'ADMIN', '2022-08-29 00:00:10', '2022-08-29 00:00:10', 0, 4, 0, 0, 0, 0, 60, 5),
(54, 'ADMIN', 'ADMIN', '2022-08-29 00:00:10', '2022-08-29 00:00:10', 0, 4, 0, 0, 0, 0, 60, 6),
(55, 'ADMIN', 'ADMIN', '2022-08-29 00:00:10', '2022-08-29 00:00:10', 0, 4, 0, 0, 0, 0, 60, 7),
(56, 'ADMIN', 'ADMIN', '2022-08-29 00:00:10', '2022-08-29 00:00:10', 0, 4, 0, 0, 0, 0, 60, 8),
(57, 'ADMIN', 'ADMIN', '2022-08-29 00:00:10', '2022-08-29 00:00:10', 0.25, 3.5, 0, 0, 0.25, 0, 60, 9),
(58, 'ADMIN', 'ADMIN', '2022-08-29 00:00:10', '2022-08-29 00:00:10', 0.5, 3.5, 0, 0, 0.5, 0, 60, 10),
(59, 'ADMIN', 'ADMIN', '2022-08-29 00:00:10', '2022-08-29 00:00:10', 0, 4, 0, 0, 0, 0, 60, 11),
(60, 'ADMIN', 'ADMIN', '2022-08-29 00:00:10', '2022-08-29 00:00:10', 0, 4, 0, 0, 0, 0, 60, 12),
(61, 'ADMIN', 'ADMIN', '2022-08-29 00:00:10', '2022-08-29 00:00:10', 0, 4, 0, 0, 0, 0, 60, 13),
(62, 'ADMIN', 'ADMIN', '2022-08-29 00:00:10', '2022-08-29 00:00:10', 0, 4, 0, 0, 0, 0, 60, 14),
(63, 'ADMIN', 'ADMIN', '2022-08-29 00:00:10', '2022-08-29 00:00:10', 0.25, 3.5, 0, 0, 0.25, 0, 60, 15),
(64, 'ADMIN', 'ADMIN', '2022-08-29 00:00:10', '2022-08-29 00:00:10', 0, 4, 0, 0, 0, 0, 60, 16);

INSERT INTO attendance (attendance_id, update_id, create_id, created_at, updated_at, check_in_status, check_out_status, calendar_id, user_id) VALUES
(1, 'ADMIN', 'ADMIN', '2022-08-26 14:44:45', '2022-08-26 14:44:45', 'PRESENT', 'PRESENT', 57, 1),
(2, 'ADMIN', 'ADMIN', '2022-08-26 14:44:45', '2022-08-26 14:44:45', 'PRESENT', 'PRESENT', 57, 2),
(3, 'ADMIN', 'ADMIN', '2022-08-26 14:44:45', '2022-08-26 14:44:45', 'PRESENT', 'PRESENT', 57, 3),
(4, 'ADMIN', 'ADMIN', '2022-08-26 14:44:45', '2022-08-26 14:44:45', 'PRESENT', 'PRESENT', 57, 4),
(5, 'ADMIN', 'ADMIN', '2022-08-26 14:45:04', '2022-08-26 14:45:04', 'PRESENT', 'PRESENT', 57, 5),
(6, 'ADMIN', 'ADMIN', '2022-08-26 14:45:15', '2022-08-26 14:45:15', 'PRESENT', 'PRESENT', 57, 6),
(7, 'ADMIN', 'ADMIN', '2022-08-26 14:45:27', '2022-08-26 14:45:27', 'PRESENT', 'PRESENT', 57, 7),
(8, 'ADMIN', 'ADMIN', '2022-08-26 14:46:02', '2022-08-26 14:46:02', 'PRESENT', 'PRESENT', 57, 8),
(9, 'ADMIN', 'ADMIN', '2022-08-26 14:46:14', '2022-08-26 14:46:14', 'TARDY', 'PRESENT', 57, 9),
(10, 'ADMIN', 'ADMIN', '2022-08-26 14:46:24', '2022-08-26 14:46:24', 'PRESENT', 'PRESENT', 57, 10),
(11, 'ADMIN', 'ADMIN', '2022-08-26 14:46:34', '2022-08-26 14:46:34', 'PRESENT', 'PRESENT', 57, 11),
(12, 'ADMIN', 'ADMIN', '2022-08-26 14:46:50', '2022-08-26 14:46:50', 'PRESENT', 'PRESENT', 57, 12),
(13, 'ADMIN', 'ADMIN', '2022-08-26 14:47:03', '2022-08-26 14:47:03', 'PRESENT', 'PRESENT', 57, 13),
(14, 'ADMIN', 'ADMIN', '2022-08-26 14:47:15', '2022-08-26 14:47:15', 'PRESENT', 'PRESENT', 57, 14),
(15, 'ADMIN', 'ADMIN', '2022-08-26 14:47:23', '2022-08-26 14:47:23', 'TARDY', 'PRESENT', 57, 15),
(16, 'ADMIN', 'ADMIN', '2022-08-26 14:49:56', '2022-08-26 14:49:56', 'PRESENT', 'PRESENT', 57, 16),
(17, 'ADMIN', 'ADMIN', '2022-08-27 00:00:10', '2022-08-27 00:00:10', 'PRESENT', 'PRESENT', 58, 1),
(18, 'ADMIN', 'ADMIN', '2022-08-27 00:00:10', '2022-08-27 00:00:10', 'PRESENT', 'PRESENT', 58, 2),
(19, 'ADMIN', 'ADMIN', '2022-08-27 00:00:10', '2022-08-27 00:00:10', 'PRESENT', 'PRESENT', 58, 3),
(20, 'ADMIN', 'ADMIN', '2022-08-27 00:00:10', '2022-08-27 00:00:10', 'PRESENT', 'PRESENT', 58, 4),
(21, 'ADMIN', 'ADMIN', '2022-08-27 00:00:10', '2022-08-27 00:00:10', 'PRESENT', 'PRESENT', 58, 5),
(22, 'ADMIN', 'ADMIN', '2022-08-27 00:00:10', '2022-08-27 00:00:10', 'PRESENT', 'PRESENT', 58, 6),
(23, 'ADMIN', 'ADMIN', '2022-08-27 00:00:10', '2022-08-27 00:00:10', 'PRESENT', 'PRESENT', 58, 7),
(24, 'ADMIN', 'ADMIN', '2022-08-27 00:00:10', '2022-08-27 00:00:10', 'PRESENT', 'PRESENT', 58, 8),
(25, 'ADMIN', 'ADMIN', '2022-08-27 00:00:10', '2022-08-27 00:00:10', 'PRESENT', 'PRESENT', 58, 9),
(26, 'ADMIN', 'ADMIN', '2022-08-27 00:00:10', '2022-08-27 00:00:10', 'ABSENT', 'PRESENT', 58, 10),
(27, 'ADMIN', 'ADMIN', '2022-08-27 00:00:10', '2022-08-27 00:00:10', 'PRESENT', 'PRESENT', 58, 11),
(28, 'ADMIN', 'ADMIN', '2022-08-27 00:00:10', '2022-08-27 00:00:10', 'PRESENT', 'PRESENT', 58, 12),
(29, 'ADMIN', 'ADMIN', '2022-08-27 00:00:10', '2022-08-27 00:00:10', 'PRESENT', 'PRESENT', 58, 13),
(30, 'ADMIN', 'ADMIN', '2022-08-27 00:00:10', '2022-08-27 00:00:10', 'PRESENT', 'PRESENT', 58, 14),
(31, 'ADMIN', 'ADMIN', '2022-08-27 00:00:10', '2022-08-27 00:00:10', 'PRESENT', 'PRESENT', 58, 15),
(32, 'ADMIN', 'ADMIN', '2022-08-27 00:00:10', '2022-08-27 00:00:10', 'PRESENT', 'PRESENT', 58, 16),
(33, 'ADMIN', 'ADMIN', '2022-08-28 00:00:10', '2022-08-28 00:00:10', 'PRESENT', 'PRESENT', 59, 1),
(34, 'ADMIN', 'ADMIN', '2022-08-28 00:00:10', '2022-08-28 00:00:10', 'PRESENT', 'PRESENT', 59, 2),
(35, 'ADMIN', 'ADMIN', '2022-08-28 00:00:10', '2022-08-28 00:00:10', 'PRESENT', 'PRESENT', 59, 3),
(36, 'ADMIN', 'ADMIN', '2022-08-28 00:00:10', '2022-08-28 00:00:10', 'PRESENT', 'PRESENT', 59, 4),
(37, 'ADMIN', 'ADMIN', '2022-08-28 00:00:10', '2022-08-28 00:00:10', 'PRESENT', 'PRESENT', 59, 5),
(38, 'ADMIN', 'ADMIN', '2022-08-28 00:00:10', '2022-08-28 00:00:10', 'PRESENT', 'PRESENT', 59, 6),
(39, 'ADMIN', 'ADMIN', '2022-08-28 00:00:10', '2022-08-28 00:00:10', 'PRESENT', 'PRESENT', 59, 7),
(40, 'ADMIN', 'ADMIN', '2022-08-28 00:00:10', '2022-08-28 00:00:10', 'PRESENT', 'PRESENT', 59, 8),
(41, 'ADMIN', 'ADMIN', '2022-08-28 00:00:10', '2022-08-28 00:00:10', 'PRESENT', 'PRESENT', 59, 9),
(42, 'ADMIN', 'ADMIN', '2022-08-28 00:00:10', '2022-08-28 00:00:10', 'PRESENT', 'PRESENT', 59, 10),
(43, 'ADMIN', 'ADMIN', '2022-08-28 00:00:10', '2022-08-28 00:00:10', 'PRESENT', 'PRESENT', 59, 11),
(44, 'ADMIN', 'ADMIN', '2022-08-28 00:00:10', '2022-08-28 00:00:10', 'PRESENT', 'PRESENT', 59, 12),
(45, 'ADMIN', 'ADMIN', '2022-08-28 00:00:10', '2022-08-28 00:00:10', 'PRESENT', 'PRESENT', 59, 13),
(46, 'ADMIN', 'ADMIN', '2022-08-28 00:00:10', '2022-08-28 00:00:10', 'PRESENT', 'PRESENT', 59, 14),
(47, 'ADMIN', 'ADMIN', '2022-08-28 00:00:10', '2022-08-28 00:00:10', 'PRESENT', 'PRESENT', 59, 15),
(48, 'ADMIN', 'ADMIN', '2022-08-28 00:00:10', '2022-08-28 00:00:10', 'PRESENT', 'PRESENT', 59, 16),
(49, 'ADMIN', 'ADMIN', '2022-08-29 00:00:10', '2022-08-29 00:00:10', 'PRESENT', 'PRESENT', 60, 1),
(50, 'ADMIN', 'ADMIN', '2022-08-29 00:00:10', '2022-08-29 00:00:10', 'PRESENT', 'PRESENT', 60, 2),
(51, 'ADMIN', 'ADMIN', '2022-08-29 00:00:10', '2022-08-29 00:00:10', 'PRESENT', 'PRESENT', 60, 3),
(52, 'ADMIN', 'ADMIN', '2022-08-29 00:00:10', '2022-08-29 00:00:10', 'PRESENT', 'PRESENT', 60, 4),
(53, 'ADMIN', 'ADMIN', '2022-08-29 00:00:10', '2022-08-29 00:00:10', 'PRESENT', 'PRESENT', 60, 5),
(54, 'ADMIN', 'ADMIN', '2022-08-29 00:00:10', '2022-08-29 00:00:10', 'PRESENT', 'PRESENT', 60, 6),
(55, 'ADMIN', 'ADMIN', '2022-08-29 00:00:10', '2022-08-29 00:00:10', 'PRESENT', 'PRESENT', 60, 7),
(56, 'ADMIN', 'ADMIN', '2022-08-29 00:00:10', '2022-08-29 00:00:10', 'PRESENT', 'PRESENT', 60, 8),
(57, 'ADMIN', 'ADMIN', '2022-08-29 00:00:10', '2022-08-29 00:00:10', 'PRESENT', 'PRESENT', 60, 9),
(58, 'ADMIN', 'ADMIN', '2022-08-29 00:00:10', '2022-08-29 00:00:10', 'PRESENT', 'PRESENT', 60, 10),
(59, 'ADMIN', 'ADMIN', '2022-08-29 00:00:10', '2022-08-29 00:00:10', 'PRESENT', 'PRESENT', 60, 11),
(60, 'ADMIN', 'ADMIN', '2022-08-29 00:00:10', '2022-08-29 00:00:10', 'PRESENT', 'PRESENT', 60, 12),
(61, 'ADMIN', 'ADMIN', '2022-08-29 00:00:10', '2022-08-29 00:00:10', 'PRESENT', 'PRESENT', 60, 13),
(62, 'ADMIN', 'ADMIN', '2022-08-29 00:00:10', '2022-08-29 00:00:10', 'PRESENT', 'PRESENT', 60, 14),
(63, 'ADMIN', 'ADMIN', '2022-08-29 00:00:10', '2022-08-29 00:00:10', 'PRESENT', 'PRESENT', 60, 15),
(64, 'ADMIN', 'ADMIN', '2022-08-29 00:00:10', '2022-08-29 00:00:10', 'PRESENT', 'PRESENT', 60, 16);

INSERT INTO vacation (vacation_id, update_id, create_id, created_at, updated_at, added_days, reason, remaining_days, used_days, user_id) VALUES
(1, 'ADMIN', 'ADMIN', '2022-08-26 14:56:13', '2022-08-26 14:56:13', 2, '', 2, 0, 7),
(2, 'ADMIN', 'ADMIN', '2022-08-26 14:57:04', '2022-08-26 14:57:04', 0, '병가', 1, 1, 7),
(3, 'ADMIN', 'ADMIN', '2022-08-26 15:01:11', '2022-08-26 15:01:11', 2, '', 2, 0, 3),
(4, 'ADMIN', 'ADMIN', '2022-08-26 15:01:29', '2022-08-26 15:01:29', 2, '', 2, 0, 5),
(5, 'ADMIN', 'ADMIN', '2022-08-26 15:01:36', '2022-08-26 15:01:36', 0, '병가', 1, 1, 5),
(6, 'ADMIN', 'ADMIN', '2022-08-26 15:01:52', '2022-08-26 15:01:52', 1, '', 1, 0, 6),
(7, 'ADMIN', 'ADMIN', '2022-08-26 15:02:04', '2022-08-26 15:02:04', 3, '', 3, 0, 8),
(8, 'ADMIN', 'ADMIN', '2022-08-26 15:02:18', '2022-08-26 15:02:18', 0, '여행', 2, 1, 8),
(9, 'ADMIN', 'ADMIN', '2022-08-26 15:02:29', '2022-08-26 15:02:29', 3, '', 3, 0, 9),
(10, 'ADMIN', 'ADMIN', '2022-08-26 15:02:42', '2022-08-26 15:02:42', 2, '', 2, 0, 10),
(11, 'ADMIN', 'ADMIN', '2022-08-26 15:02:56', '2022-08-26 15:02:56', 0, '병가', 1, 1, 10),
(12, 'ADMIN', 'ADMIN', '2022-08-26 15:03:10', '2022-08-26 15:03:10', 1, '', 1, 0, 11),
(13, 'ADMIN', 'ADMIN', '2022-08-26 15:03:19', '2022-08-26 15:03:19', 1, '', 1, 0, 12),
(14, 'ADMIN', 'ADMIN', '2022-08-26 15:03:30', '2022-08-26 15:03:30', 3, '', 3, 0, 13),
(15, 'ADMIN', 'ADMIN', '2022-08-26 15:03:37', '2022-08-26 15:03:37', 3, '', 3, 0, 14),
(16, 'ADMIN', 'ADMIN', '2022-08-26 15:03:47', '2022-08-26 15:03:47', 1, '', 1, 0, 15),
(17, 'ADMIN', 'ADMIN', '2022-08-26 15:03:54', '2022-08-26 15:03:54', 1, '', 1, 0, 16),
(18, 'ADMIN', 'ADMIN', '2022-08-26 15:03:54', '2022-08-26 15:03:54', 1, '', 1, 0, 1),
(19, 'ADMIN', 'ADMIN', '2022-08-26 15:03:54', '2022-08-26 15:03:54', 1, '', 1, 0, 2),
(20, 'ADMIN', 'ADMIN', '2022-08-26 15:03:54', '2022-08-26 15:03:54', 1, '', 1, 0, 3),
(22, 'ADMIN', 'ADMIN', '2022-08-28 15:03:54', '2022-08-28 15:03:54', 0, '병가', 0.5, 0.5, 7);

INSERT INTO study_time (study_time_id, update_id, create_id, created_at, updated_at, begin_time, end_time, final_study_time, is_studying, calendar_id, user_id) VALUES
(1, 'ADMIN', 'ADMIN', '2022-08-26 15:25:17', '2022-08-26 15:27:09', '2022-08-26 15:25:17.747768', '2022-08-26 15:27:09.305454', '00:01:51', false, 57, 7),
(2, 'ADMIN', 'ADMIN', '2022-08-26 15:27:25', '2022-08-26 15:27:30', '2022-08-26 15:27:25.643096', '2022-08-26 15:27:30.023675', '00:00:04', false, 57, 9),
(3, 'ADMIN', 'ADMIN', '2022-08-26 15:27:46', '2022-08-26 15:27:48', '2022-08-26 15:27:46.122284', '2022-08-26 15:27:48.943148', '00:00:02', false, 57, 14),
(4, 'ADMIN', 'ADMIN', '2022-08-26 15:28:42', '2022-08-26 15:28:45', '2022-08-26 15:28:42.293491', '2022-08-26 15:28:45.383610', '00:00:03', false, 57, 3),
(5, 'ADMIN', 'ADMIN', '2022-08-26 15:28:55', '2022-08-26 15:28:58', '2022-08-26 15:28:55.409194', '2022-08-26 15:28:58.255807', '00:00:02', false, 57, 5),
(6, 'ADMIN', 'ADMIN', '2022-08-26 15:29:07', '2022-08-26 15:29:11', '2022-08-26 15:29:07.544757', '2022-08-26 15:29:11.859142', '00:00:04', false, 57, 6),
(7, 'ADMIN', 'ADMIN', '2022-08-26 15:29:25', '2022-08-26 15:29:28', '2022-08-26 15:29:25.513815', '2022-08-26 15:29:28.056353', '00:00:02', false, 57, 8),
(8, 'ADMIN', 'ADMIN', '2022-08-26 15:29:36', '2022-08-26 15:29:52', '2022-08-26 15:29:36.639252', '2022-08-26 15:29:52.021022', '00:00:15', false, 57, 10),
(9, 'ADMIN', 'ADMIN', '2022-08-26 15:30:03', '2022-08-26 15:30:07', '2022-08-26 15:30:03.337632', '2022-08-26 15:30:07.194861', '00:00:03', false, 57, 11),
(10, 'ADMIN', 'ADMIN', '2022-08-26 15:30:13', '2022-08-26 15:30:17', '2022-08-26 15:30:13.581707', '2022-08-26 15:30:17.073005', '00:00:03', false, 57, 12),
(11, 'ADMIN', 'ADMIN', '2022-08-26 15:30:23', '2022-08-26 15:30:26', '2022-08-26 15:30:23.787176', '2022-08-26 15:30:26.966332', '00:00:03', false, 57, 13),
(12, 'ADMIN', 'ADMIN', '2022-08-26 15:30:37', '2022-08-26 15:30:40', '2022-08-26 15:30:37.287638', '2022-08-26 15:30:40.105049', '00:00:02', false, 57, 14),
(13, 'ADMIN', 'ADMIN', '2022-08-26 15:30:46', '2022-08-26 15:30:50', '2022-08-26 15:30:46.912572', '2022-08-26 15:30:50.283012', '00:00:03', false, 57, 15),
(14, 'ADMIN', 'ADMIN', '2022-08-26 15:30:56', '2022-08-26 15:30:59', '2022-08-26 15:30:56.241521', '2022-08-26 15:30:59.221604', '00:00:02', false, 57, 16);